pgs_id,reported_trait,category
PGS000882,25-hydroxyvitamin D,Metabolism & Hormones
PGS002811,Abdominal adipose tissue volumes adjusted for BMI and height,Metabolism & Hormones
PGS000753,Abdominal aortic aneurysm,Cardiovascular & Cholesterol
PGS001784,Abdominal aortic aneurysm,Cardiovascular & Cholesterol
PGS002054,Abdominal aortic aneurysm,Cardiovascular & Cholesterol
PGS003429,Abdominal aortic aneurysm,Cardiovascular & Cholesterol
PGS003972,Abdominal aortic aneurysm,Cardiovascular & Cholesterol
PGS003973,Abdominal aortic aneurysm,Cardiovascular & Cholesterol
PGS012563,Abdominal aortic aneurysm,Cardiovascular & Cholesterol
PGS019340,Abdominal hernia,Digestive & Liver Health
PGS019341,Abdominal hernia,Digestive & Liver Health
PGS019342,Abdominal hernia,Digestive & Liver Health
PGS019343,Abdominal hernia,Digestive & Liver Health
PGS019344,Abdominal hernia,Digestive & Liver Health
PGS019502,Abnormal findings on examination of urine,Kidney & Urinary Health
PGS019503,Abnormal findings on examination of urine,Kidney & Urinary Health
PGS019504,Abnormal findings on examination of urine,Kidney & Urinary Health
PGS019505,Abnormal findings on examination of urine,Kidney & Urinary Health
PGS019506,Abnormal findings on examination of urine,Kidney & Urinary Health
PGS018729,Abnormal glucose,Metabolism & Hormones
PGS018730,Abnormal glucose,Metabolism & Hormones
PGS018731,Abnormal glucose,Metabolism & Hormones
PGS018732,Abnormal glucose,Metabolism & Hormones
PGS018733,Abnormal glucose,Metabolism & Hormones
PGS019768,Abnormal tumor markers,Cancer
PGS019769,Abnormal tumor markers,Cancer
PGS019770,Abnormal tumor markers,Cancer
PGS019771,Abnormal tumor markers,Cancer
PGS019772,Abnormal tumor markers,Cancer
PGS019634,Acne,Skin Health
PGS019635,Acne,Skin Health
PGS019636,Acne,Skin Health
PGS019637,Acne,Skin Health
PGS019638,Acne,Skin Health
PGS001785,Acute appendicitis,Digestive & Liver Health
PGS001369,Acute appendicitis (time-to-event),Digestive & Liver Health
PGS019240,Acute but ill defined cerebrovascular disease,Cardiovascular & Cholesterol
PGS019241,Acute but ill defined cerebrovascular disease,Cardiovascular & Cholesterol
PGS019242,Acute but ill defined cerebrovascular disease,Cardiovascular & Cholesterol
PGS019243,Acute but ill defined cerebrovascular disease,Cardiovascular & Cholesterol
PGS019244,Acute but ill defined cerebrovascular disease,Cardiovascular & Cholesterol
PGS003448,Acute lymphoblastic leukemia,Cancer
PGS001314,Acute myocardial infarction (time-to-event),Cardiovascular & Cholesterol
PGS019260,Acute upper respiratory infections of multiple or unspecified sites,Lung & Respiratory
PGS019261,Acute upper respiratory infections of multiple or unspecified sites,Lung & Respiratory
PGS019262,Acute upper respiratory infections of multiple or unspecified sites,Lung & Respiratory
PGS019263,Acute upper respiratory infections of multiple or unspecified sites,Lung & Respiratory
PGS019264,Acute upper respiratory infections of multiple or unspecified sites,Lung & Respiratory
PGS003849,Addiction risk factors,Brain & Mental Health
PGS005215,Addiction risk factors,Brain & Mental Health
PGS005235,Adiposity,Metabolism & Hormones
PGS000034,Adult body mass index (BMI),Metabolism & Hormones
PGS001372,Age hayfever or allergic rhinitis diagnosed by doctor,Immune & Autoimmune
PGS002269,Age-related macular degeneration,Eye Health
PGS004606,Age-related macular degeneration,Eye Health
PGS004607,Age-related macular degeneration,Eye Health
PGS004952,Age-related macular degeneration,Eye Health
PGS001940,Alanine aminotransferase,Digestive & Liver Health
PGS002158,Alanine aminotransferase,Digestive & Liver Health
PGS003522,Alanine aminotransferase,Digestive & Liver Health
PGS004715,Alanine aminotransferase,Digestive & Liver Health
PGS004716,Alanine aminotransferase,Digestive & Liver Health
PGS004717,Alanine aminotransferase,Digestive & Liver Health
PGS004718,Alanine aminotransferase,Digestive & Liver Health
PGS003342,Alanine aminotransferase level,Digestive & Liver Health
PGS003351,Alanine aminotransferase level,Digestive & Liver Health
PGS004329,Alanine aminotransferase (U/L),Digestive & Liver Health
PGS000668,Alanine aminotransferase [U/L],Digestive & Liver Health
PGS000816,Alanine transaminase,Digestive & Liver Health
PGS001886,Albumin,Blood & Biomarkers
PGS002099,Albumin,Blood & Biomarkers
PGS004328,Albumin,Blood & Biomarkers
PGS004707,Albumin,Blood & Biomarkers
PGS004708,Albumin,Blood & Biomarkers
PGS004709,Albumin,Blood & Biomarkers
PGS004710,Albumin,Blood & Biomarkers
PGS000669,Albumin [g/L],Blood & Biomarkers
PGS004913,Alcohol-associated liver cirrhosis,Digestive & Liver Health
PGS000704,Alcoholic cirrhosis,Digestive & Liver Health
PGS018961,Alcoholism,Brain & Mental Health
PGS018962,Alcoholism,Brain & Mental Health
PGS018963,Alcoholism,Brain & Mental Health
PGS018964,Alcoholism,Brain & Mental Health
PGS018965,Alcoholism,Brain & Mental Health
PGS018956,Alcohol related disorders,Brain & Mental Health
PGS018957,Alcohol related disorders,Brain & Mental Health
PGS018958,Alcohol related disorders,Brain & Mental Health
PGS018959,Alcohol related disorders,Brain & Mental Health
PGS018960,Alcohol related disorders,Brain & Mental Health
PGS002738,Alcohol use disorder,Brain & Mental Health
PGS002739,Alcohol use disorder,Brain & Mental Health
PGS005211,Alcohol use disorder (3-item consumption index),Brain & Mental Health
PGS005212,Alcohol use disorder (7-item problematic use index),Brain & Mental Health
PGS005213,Alcohol use disorder by DSM-V,Brain & Mental Health
PGS000815,Alkaline phosphatase,Digestive & Liver Health
PGS001939,Alkaline phosphatase,Digestive & Liver Health
PGS002157,Alkaline phosphatase,Digestive & Liver Health
PGS003521,Alkaline phosphatase,Digestive & Liver Health
PGS004711,Alkaline phosphatase,Digestive & Liver Health
PGS004712,Alkaline phosphatase,Digestive & Liver Health
PGS004713,Alkaline phosphatase,Digestive & Liver Health
PGS004714,Alkaline phosphatase,Digestive & Liver Health
PGS000670,Alkaline phosphatase [U/L],Digestive & Liver Health
PGS004875,All Cancers,Cancer
PGS004280,All-cause dementia,Brain & Mental Health
PGS004281,All-cause dementia,Brain & Mental Health
PGS004282,All-cause dementia,Brain & Mental Health
PGS004283,All-cause dementia,Brain & Mental Health
PGS004284,All-cause dementia,Brain & Mental Health
PGS005170,All-cause dementia,Brain & Mental Health
PGS000929,All-cause dementia (algorithmically-defined),Brain & Mental Health
PGS000318,All-cause mortality (female),Other Health Conditions
PGS000319,All-cause mortality (male),Other Health Conditions
PGS000780,Allergic disease,Immune & Autoimmune
PGS000800,Allergic disease,Immune & Autoimmune
PGS000810,"Allergic disease (asthma, hay fever or eczema)",Immune & Autoimmune
PGS001284,"Allergic disease (hay fever, allergic rhinitis, or eczema)",Immune & Autoimmune
PGS001286,Allergic disease (hay fever or allergic rhinitis) (diagnosed by doctor),Immune & Autoimmune
PGS001283,"Allergic disease (hay fever, rhinitis or eczema)",Immune & Autoimmune
PGS001285,"Allergic disease (hay fever, rhinitis, or eczema) (diagnosed by doctor)",Immune & Autoimmune
PGS019275,Allergic rhinitis,Immune & Autoimmune
PGS019276,Allergic rhinitis,Immune & Autoimmune
PGS019277,Allergic rhinitis,Immune & Autoimmune
PGS019278,Allergic rhinitis,Immune & Autoimmune
PGS019279,Allergic rhinitis,Immune & Autoimmune
PGS000867,Allergy,Immune & Autoimmune
PGS001885,Allergy/adverse effect of penicillin,Immune & Autoimmune
PGS002097,Allergy/adverse effect of penicillin,Immune & Autoimmune
PGS000025,Alzheimer's disease,Brain & Mental Health
PGS000026,Alzheimer's disease,Brain & Mental Health
PGS000779,Alzheimer's disease,Brain & Mental Health
PGS000811,Alzheimer's disease,Brain & Mental Health
PGS000812,Alzheimer's disease,Brain & Mental Health
PGS000823,Alzheimer's disease,Brain & Mental Health
PGS000876,Alzheimer's disease,Brain & Mental Health
PGS000898,Alzheimer's disease,Brain & Mental Health
PGS001775,Alzheimer's disease,Brain & Mental Health
PGS001828,Alzheimer's disease,Brain & Mental Health
PGS002249,Alzheimer's disease,Brain & Mental Health
PGS002280,Alzheimer's disease,Brain & Mental Health
PGS002753,Alzheimer's disease,Brain & Mental Health
PGS003441,Alzheimer's disease,Brain & Mental Health
PGS003953,Alzheimer's disease,Brain & Mental Health
PGS003954,Alzheimer's disease,Brain & Mental Health
PGS003955,Alzheimer's disease,Brain & Mental Health
PGS003956,Alzheimer's disease,Brain & Mental Health
PGS003957,Alzheimer's disease,Brain & Mental Health
PGS003958,Alzheimer's disease,Brain & Mental Health
PGS003992,Alzheimer's disease,Brain & Mental Health
PGS004008,Alzheimer's disease,Brain & Mental Health
PGS004034,Alzheimer's disease,Brain & Mental Health
PGS004062,Alzheimer's disease,Brain & Mental Health
PGS004092,Alzheimer's disease,Brain & Mental Health
PGS004116,Alzheimer's disease,Brain & Mental Health
PGS004146,Alzheimer's disease,Brain & Mental Health
PGS004227,Alzheimer's disease,Brain & Mental Health
PGS004228,Alzheimer's disease,Brain & Mental Health
PGS004229,Alzheimer's disease,Brain & Mental Health
PGS004285,Alzheimer's disease,Brain & Mental Health
PGS004286,Alzheimer's disease,Brain & Mental Health
PGS004287,Alzheimer's disease,Brain & Mental Health
PGS004288,Alzheimer's disease,Brain & Mental Health
PGS004289,Alzheimer's disease,Brain & Mental Health
PGS004863,Alzheimer's disease,Brain & Mental Health
PGS004898,Alzheimer's disease,Brain & Mental Health
PGS005389,Alzheimer's disease,Brain & Mental Health
PGS005390,Alzheimer's disease,Brain & Mental Health
PGS005391,Alzheimer's disease,Brain & Mental Health
PGS012548,Alzheimer's disease,Brain & Mental Health
PGS018906,Alzheimers disease,Brain & Mental Health
PGS018907,Alzheimers disease,Brain & Mental Health
PGS018908,Alzheimers disease,Brain & Mental Health
PGS018909,Alzheimers disease,Brain & Mental Health
PGS018910,Alzheimers disease,Brain & Mental Health
PGS001348,Alzheimer's disease (algorithmically-defined),Brain & Mental Health
PGS003440,Alzheimer's disease in non APOE,Brain & Mental Health
PGS000053,Alzheimer's disease (late onset),Brain & Mental Health
PGS000054,Alzheimer's disease (late onset),Brain & Mental Health
PGS003574,Alzheimer's disease (late onset),Brain & Mental Health
PGS001349,Alzheimer's disease (time-to-event),Brain & Mental Health
PGS001859,Anal and rectal polyp,Digestive & Liver Health
PGS002070,Anal and rectal polyp,Digestive & Liver Health
PGS000703,Angina,Cardiovascular & Cholesterol
PGS001260,Angina,Cardiovascular & Cholesterol
PGS012540,Angina,Cardiovascular & Cholesterol
PGS018407,Angina pectoris,Cardiovascular & Cholesterol
PGS005047,Angina pectoris (PheCode 411.3),Cardiovascular & Cholesterol
PGS005048,Angina pectoris (PheCode 411.3),Cardiovascular & Cholesterol
PGS005049,Angina pectoris (PheCode 411.3),Cardiovascular & Cholesterol
PGS005050,Angina pectoris (PheCode 411.3),Cardiovascular & Cholesterol
PGS005051,Angina pectoris (PheCode 411.3),Cardiovascular & Cholesterol
PGS005052,Angina pectoris (PheCode 411.3),Cardiovascular & Cholesterol
PGS005053,Angina pectoris (PheCode 411.3),Cardiovascular & Cholesterol
PGS005054,Angina pectoris (PheCode 411.3),Cardiovascular & Cholesterol
PGS005055,Angina pectoris (PheCode 411.3),Cardiovascular & Cholesterol
PGS005056,Angina pectoris (PheCode 411.3),Cardiovascular & Cholesterol
PGS005057,Angina pectoris (PheCode 411.3),Cardiovascular & Cholesterol
PGS005058,Angina pectoris (PheCode 411.3),Cardiovascular & Cholesterol
PGS005059,Angina pectoris (PheCode 411.3),Cardiovascular & Cholesterol
PGS001261,Angina pectoris (time-to-event),Cardiovascular & Cholesterol
PGS001267,Ankylosing spondylitis,Immune & Autoimmune
PGS001876,Ankylosing spondylitis,Immune & Autoimmune
PGS002089,Ankylosing spondylitis,Immune & Autoimmune
PGS003420,Ankylosing spondylitis,Immune & Autoimmune
PGS003421,Ankylosing spondylitis,Immune & Autoimmune
PGS003422,Ankylosing spondylitis,Immune & Autoimmune
PGS003423,Ankylosing spondylitis,Immune & Autoimmune
PGS003424,Ankylosing spondylitis,Immune & Autoimmune
PGS019671,Ankylosing spondylitis,Immune & Autoimmune
PGS019672,Ankylosing spondylitis,Immune & Autoimmune
PGS019673,Ankylosing spondylitis,Immune & Autoimmune
PGS019674,Ankylosing spondylitis,Immune & Autoimmune
PGS019675,Ankylosing spondylitis,Immune & Autoimmune
PGS019676,Ankylosing spondylitis,Immune & Autoimmune
PGS001268,Ankylosing spondylitis (time-to-event),Immune & Autoimmune
PGS000353,Any cancer,Cancer
PGS000354,Any cancer,Cancer
PGS000355,Any cancer,Cancer
PGS000356,Any cancer,Cancer
PGS005252,Aortic stenosis,Cardiovascular & Cholesterol
PGS005254,Aortic stenosis,Cardiovascular & Cholesterol
PGS001888,Apolipoprotein A,Cardiovascular & Cholesterol
PGS002101,Apolipoprotein A,Cardiovascular & Cholesterol
PGS003491,Apolipoprotein A,Cardiovascular & Cholesterol
PGS000671,Apolipoprotein A [g/L],Cardiovascular & Cholesterol
PGS001889,Apolipoprotein B,Cardiovascular & Cholesterol
PGS002102,Apolipoprotein B,Cardiovascular & Cholesterol
PGS003492,Apolipoprotein B,Cardiovascular & Cholesterol
PGS000672,Apolipoprotein B [g/L] (statin adjusted),Cardiovascular & Cholesterol
PGS001853,Appendiceal conditions,Digestive & Liver Health
PGS002064,Appendiceal conditions,Digestive & Liver Health
PGS004876,Appendicitis,Digestive & Liver Health
PGS019200,Arrhythmia cardiac NOS,Cardiovascular & Cholesterol
PGS019201,Arrhythmia cardiac NOS,Cardiovascular & Cholesterol
PGS019202,Arrhythmia cardiac NOS,Cardiovascular & Cholesterol
PGS019203,Arrhythmia cardiac NOS,Cardiovascular & Cholesterol
PGS019204,Arrhythmia cardiac NOS,Cardiovascular & Cholesterol
PGS001135,Arthritis (nos),"Bone, Joint & Muscle Health"
PGS019692,Arthropathy NOS,"Bone, Joint & Muscle Health"
PGS019693,Arthropathy NOS,"Bone, Joint & Muscle Health"
PGS019694,Arthropathy NOS,"Bone, Joint & Muscle Health"
PGS019695,Arthropathy NOS,"Bone, Joint & Muscle Health"
PGS019696,Arthropathy NOS,"Bone, Joint & Muscle Health"
PGS019180,ASCVD,Cardiovascular & Cholesterol
PGS019181,ASCVD,Cardiovascular & Cholesterol
PGS019182,ASCVD,Cardiovascular & Cholesterol
PGS019183,ASCVD,Cardiovascular & Cholesterol
PGS019184,ASCVD,Cardiovascular & Cholesterol
PGS001941,Aspartate aminotransferase level,Digestive & Liver Health
PGS002159,Aspartate aminotransferase level,Digestive & Liver Health
PGS003343,Aspartate aminotransferase level,Digestive & Liver Health
PGS003352,Aspartate aminotransferase level,Digestive & Liver Health
PGS003523,Aspartate aminotransferase level,Digestive & Liver Health
PGS004719,Aspartate aminotransferase level,Digestive & Liver Health
PGS004720,Aspartate aminotransferase level,Digestive & Liver Health
PGS004721,Aspartate aminotransferase level,Digestive & Liver Health
PGS004722,Aspartate aminotransferase level,Digestive & Liver Health
PGS004330,Aspartate aminotransferase (U/L),Digestive & Liver Health
PGS000673,Aspartate aminotransferase [U/L],Digestive & Liver Health
PGS000037,Asthma,Lung & Respiratory
PGS000799,Asthma,Lung & Respiratory
PGS001341,Asthma,Lung & Respiratory
PGS001782,Asthma,Lung & Respiratory
PGS001787,Asthma,Lung & Respiratory
PGS001849,Asthma,Lung & Respiratory
PGS002061,Asthma,Lung & Respiratory
PGS002311,Asthma,Lung & Respiratory
PGS002358,Asthma,Lung & Respiratory
PGS002383,Asthma,Lung & Respiratory
PGS002432,Asthma,Lung & Respiratory
PGS002481,Asthma,Lung & Respiratory
PGS002530,Asthma,Lung & Respiratory
PGS002579,Asthma,Lung & Respiratory
PGS002628,Asthma,Lung & Respiratory
PGS002677,Asthma,Lung & Respiratory
PGS002727,Asthma,Lung & Respiratory
PGS002754,Asthma,Lung & Respiratory
PGS004176,Asthma,Lung & Respiratory
PGS004252,Asthma,Lung & Respiratory
PGS004275,Asthma,Lung & Respiratory
PGS004276,Asthma,Lung & Respiratory
PGS004277,Asthma,Lung & Respiratory
PGS004278,Asthma,Lung & Respiratory
PGS004279,Asthma,Lung & Respiratory
PGS004439,Asthma,Lung & Respiratory
PGS004509,Asthma,Lung & Respiratory
PGS004723,Asthma,Lung & Respiratory
PGS004724,Asthma,Lung & Respiratory
PGS004725,Asthma,Lung & Respiratory
PGS004726,Asthma,Lung & Respiratory
PGS004877,Asthma,Lung & Respiratory
PGS005121,Asthma,Lung & Respiratory
PGS005122,Asthma,Lung & Respiratory
PGS005123,Asthma,Lung & Respiratory
PGS005124,Asthma,Lung & Respiratory
PGS005125,Asthma,Lung & Respiratory
PGS005126,Asthma,Lung & Respiratory
PGS005127,Asthma,Lung & Respiratory
PGS005128,Asthma,Lung & Respiratory
PGS005129,Asthma,Lung & Respiratory
PGS005130,Asthma,Lung & Respiratory
PGS005131,Asthma,Lung & Respiratory
PGS005132,Asthma,Lung & Respiratory
PGS005133,Asthma,Lung & Respiratory
PGS005134,Asthma,Lung & Respiratory
PGS005135,Asthma,Lung & Respiratory
PGS005136,Asthma,Lung & Respiratory
PGS005137,Asthma,Lung & Respiratory
PGS005138,Asthma,Lung & Respiratory
PGS005139,Asthma,Lung & Respiratory
PGS005140,Asthma,Lung & Respiratory
PGS005141,Asthma,Lung & Respiratory
PGS005148,Asthma,Lung & Respiratory
PGS012541,Asthma,Lung & Respiratory
PGS001343,Asthma (algorithmically-defined),Lung & Respiratory
PGS001344,Asthma (diagnosed by doctor),Lung & Respiratory
PGS001345,Asthma (diagnosed by doctor),Lung & Respiratory
PGS001346,Asthma (time-to-event),Lung & Respiratory
PGS000674,AST to ALT ratio,Digestive & Liver Health
PGS019778,Atopic contact dermatitis due to other or unspecified,Immune & Autoimmune
PGS019779,Atopic contact dermatitis due to other or unspecified,Immune & Autoimmune
PGS019780,Atopic contact dermatitis due to other or unspecified,Immune & Autoimmune
PGS019781,Atopic contact dermatitis due to other or unspecified,Immune & Autoimmune
PGS019782,Atopic contact dermatitis due to other or unspecified,Immune & Autoimmune
PGS002755,Atopic dermatitis,Immune & Autoimmune
PGS004587,Atopic dermatitis,Immune & Autoimmune
PGS004903,Atopic dermatitis,Immune & Autoimmune
PGS003486,Atopic eczema,Immune & Autoimmune
PGS003459,Atopic eczema or atopic disease,Immune & Autoimmune
PGS000016,Atrial fibrillation,Cardiovascular & Cholesterol
PGS000035,Atrial fibrillation,Cardiovascular & Cholesterol
PGS000331,Atrial fibrillation,Cardiovascular & Cholesterol
PGS000338,Atrial fibrillation,Cardiovascular & Cholesterol
PGS000727,Atrial fibrillation,Cardiovascular & Cholesterol
PGS001340,Atrial fibrillation,Cardiovascular & Cholesterol
PGS001356,Atrial fibrillation,Cardiovascular & Cholesterol
PGS002756,Atrial fibrillation,Cardiovascular & Cholesterol
PGS002814,Atrial fibrillation,Cardiovascular & Cholesterol
PGS003461,Atrial fibrillation,Cardiovascular & Cholesterol
PGS003761,Atrial fibrillation,Cardiovascular & Cholesterol
PGS004186,Atrial fibrillation,Cardiovascular & Cholesterol
PGS004187,Atrial fibrillation,Cardiovascular & Cholesterol
PGS004188,Atrial fibrillation,Cardiovascular & Cholesterol
PGS004189,Atrial fibrillation,Cardiovascular & Cholesterol
PGS004190,Atrial fibrillation,Cardiovascular & Cholesterol
PGS004290,Atrial fibrillation,Cardiovascular & Cholesterol
PGS004291,Atrial fibrillation,Cardiovascular & Cholesterol
PGS004292,Atrial fibrillation,Cardiovascular & Cholesterol
PGS004293,Atrial fibrillation,Cardiovascular & Cholesterol
PGS004294,Atrial fibrillation,Cardiovascular & Cholesterol
PGS004440,Atrial fibrillation,Cardiovascular & Cholesterol
PGS004510,Atrial fibrillation,Cardiovascular & Cholesterol
PGS004878,Atrial fibrillation,Cardiovascular & Cholesterol
PGS004905,Atrial fibrillation,Cardiovascular & Cholesterol
PGS004920,Atrial fibrillation,Cardiovascular & Cholesterol
PGS004929,Atrial fibrillation,Cardiovascular & Cholesterol
PGS005159,Atrial fibrillation,Cardiovascular & Cholesterol
PGS005168,Atrial fibrillation,Cardiovascular & Cholesterol
PGS005171,Atrial fibrillation,Cardiovascular & Cholesterol
PGS005287,Atrial fibrillation,Cardiovascular & Cholesterol
PGS005288,Atrial fibrillation,Cardiovascular & Cholesterol
PGS005289,Atrial fibrillation,Cardiovascular & Cholesterol
PGS005290,Atrial fibrillation,Cardiovascular & Cholesterol
PGS005291,Atrial fibrillation,Cardiovascular & Cholesterol
PGS005292,Atrial fibrillation,Cardiovascular & Cholesterol
PGS005313,Atrial fibrillation,Cardiovascular & Cholesterol
PGS012531,Atrial fibrillation,Cardiovascular & Cholesterol
PGS012532,Atrial fibrillation,Cardiovascular & Cholesterol
PGS012533,Atrial fibrillation,Cardiovascular & Cholesterol
PGS012534,Atrial fibrillation,Cardiovascular & Cholesterol
PGS012535,Atrial fibrillation,Cardiovascular & Cholesterol
PGS012536,Atrial fibrillation,Cardiovascular & Cholesterol
PGS012577,Atrial fibrillation,Cardiovascular & Cholesterol
PGS012580,Atrial fibrillation,Cardiovascular & Cholesterol
PGS019210,Atrial fibrillation,Cardiovascular & Cholesterol
PGS019211,Atrial fibrillation,Cardiovascular & Cholesterol
PGS019212,Atrial fibrillation,Cardiovascular & Cholesterol
PGS019213,Atrial fibrillation,Cardiovascular & Cholesterol
PGS019214,Atrial fibrillation,Cardiovascular & Cholesterol
PGS004705,Atrial Fibrillation,Cardiovascular & Cholesterol
PGS004706,Atrial Fibrillation,Cardiovascular & Cholesterol
PGS001841,Atrial fibrillation and flutter,Cardiovascular & Cholesterol
PGS002050,Atrial fibrillation and flutter,Cardiovascular & Cholesterol
PGS019195,Atrial fibrillation and flutter,Cardiovascular & Cholesterol
PGS019196,Atrial fibrillation and flutter,Cardiovascular & Cholesterol
PGS019197,Atrial fibrillation and flutter,Cardiovascular & Cholesterol
PGS019198,Atrial fibrillation and flutter,Cardiovascular & Cholesterol
PGS019199,Atrial fibrillation and flutter,Cardiovascular & Cholesterol
PGS001339,Atrial fibrillation and flutter (time-to-event),Cardiovascular & Cholesterol
PGS005060,Atrial fibrillation (PheCode 427.21),Cardiovascular & Cholesterol
PGS005061,Atrial fibrillation (PheCode 427.21),Cardiovascular & Cholesterol
PGS005062,Atrial fibrillation (PheCode 427.21),Cardiovascular & Cholesterol
PGS005063,Atrial fibrillation (PheCode 427.21),Cardiovascular & Cholesterol
PGS005064,Atrial fibrillation (PheCode 427.21),Cardiovascular & Cholesterol
PGS005065,Atrial fibrillation (PheCode 427.21),Cardiovascular & Cholesterol
PGS005066,Atrial fibrillation (PheCode 427.21),Cardiovascular & Cholesterol
PGS005067,Atrial fibrillation (PheCode 427.21),Cardiovascular & Cholesterol
PGS005068,Atrial fibrillation (PheCode 427.21),Cardiovascular & Cholesterol
PGS005069,Atrial fibrillation (PheCode 427.21),Cardiovascular & Cholesterol
PGS005070,Atrial fibrillation (PheCode 427.21),Cardiovascular & Cholesterol
PGS005071,Atrial fibrillation (PheCode 427.21),Cardiovascular & Cholesterol
PGS005072,Atrial fibrillation (PheCode 427.21),Cardiovascular & Cholesterol
PGS001263,Atrial flutter,Cardiovascular & Cholesterol
PGS002746,Attention-deficit hyperactivity disorder,Brain & Mental Health
PGS000327,Autism spectrum disorder,Brain & Mental Health
PGS002790,Autism spectrum disorder,Brain & Mental Health
PGS004239,Autoimmune Addison's disease,Metabolism & Hormones
PGS002312,Autoimmune disease,Immune & Autoimmune
PGS002359,Autoimmune disease,Immune & Autoimmune
PGS002384,Autoimmune disease,Immune & Autoimmune
PGS002433,Autoimmune disease,Immune & Autoimmune
PGS002482,Autoimmune disease,Immune & Autoimmune
PGS002531,Autoimmune disease,Immune & Autoimmune
PGS002580,Autoimmune disease,Immune & Autoimmune
PGS002629,Autoimmune disease,Immune & Autoimmune
PGS002678,Autoimmune disease,Immune & Autoimmune
PGS001375,Average heart rate,Cardiovascular & Cholesterol
PGS000119,Basal cell carcinoma,Cancer
PGS000445,Basal cell carcinoma,Cancer
PGS000446,Basal cell carcinoma,Cancer
PGS000447,Basal cell carcinoma,Cancer
PGS000448,Basal cell carcinoma,Cancer
PGS000449,Basal cell carcinoma,Cancer
PGS000450,Basal cell carcinoma,Cancer
PGS000451,Basal cell carcinoma,Cancer
PGS000452,Basal cell carcinoma,Cancer
PGS000453,Basal cell carcinoma,Cancer
PGS000454,Basal cell carcinoma,Cancer
PGS000455,Basal cell carcinoma,Cancer
PGS000456,Basal cell carcinoma,Cancer
PGS000457,Basal cell carcinoma,Cancer
PGS000458,Basal cell carcinoma,Cancer
PGS000459,Basal cell carcinoma,Cancer
PGS000730,Basal cell carcinoma,Cancer
PGS003417,Basal cell carcinoma,Cancer
PGS005207,Basal cell carcinoma,Cancer
PGS003416,Basal cell carcinoma (MTAG),Cancer
PGS000088,Basophil count,Blood & Biomarkers
PGS000163,Basophil count,Blood & Biomarkers
PGS001378,Basophil count,Blood & Biomarkers
PGS003940,Basophil count,Blood & Biomarkers
PGS004727,Basophil count,Blood & Biomarkers
PGS004728,Basophil count,Blood & Biomarkers
PGS004729,Basophil count,Blood & Biomarkers
PGS004730,Basophil count,Blood & Biomarkers
PGS005175,Basophil count variance,Blood & Biomarkers
PGS018630,Benign neoplasm of brain and other parts of nervous system,Cancer
PGS018631,Benign neoplasm of brain and other parts of nervous system,Cancer
PGS018632,Benign neoplasm of brain and other parts of nervous system,Cancer
PGS018633,Benign neoplasm of brain and other parts of nervous system,Cancer
PGS018634,Benign neoplasm of brain and other parts of nervous system,Cancer
PGS001811,Benign neoplasm of colon,Cancer
PGS002019,Benign neoplasm of colon,Cancer
PGS018610,Benign neoplasm of colon,Cancer
PGS018611,Benign neoplasm of colon,Cancer
PGS018612,Benign neoplasm of colon,Cancer
PGS018613,Benign neoplasm of colon,Cancer
PGS018614,Benign neoplasm of colon,Cancer
PGS001812,Benign neoplasm of other parts of digestive system,Cancer
PGS002020,Benign neoplasm of other parts of digestive system,Cancer
PGS018615,Benign neoplasm of other parts of digestive system,Cancer
PGS018616,Benign neoplasm of other parts of digestive system,Cancer
PGS018617,Benign neoplasm of other parts of digestive system,Cancer
PGS018618,Benign neoplasm of other parts of digestive system,Cancer
PGS018619,Benign neoplasm of other parts of digestive system,Cancer
PGS018635,Benign neoplasm of thyroid glands,Cancer
PGS018636,Benign neoplasm of thyroid glands,Cancer
PGS018637,Benign neoplasm of thyroid glands,Cancer
PGS018638,Benign neoplasm of thyroid glands,Cancer
PGS018639,Benign neoplasm of thyroid glands,Cancer
PGS001813,Benign neoplasm of uterus,Cancer
PGS002021,Benign neoplasm of uterus,Cancer
PGS018620,Benign neoplasm of uterus,Cancer
PGS018621,Benign neoplasm of uterus,Cancer
PGS018622,Benign neoplasm of uterus,Cancer
PGS018623,Benign neoplasm of uterus,Cancer
PGS018624,Benign neoplasm of uterus,Cancer
PGS005261,Benign nodular goiter,Metabolism & Hormones
PGS005262,Benign nodular goiter,Metabolism & Hormones
PGS005263,Benign nodular goiter,Metabolism & Hormones
PGS002786,Bipolar disorder,Brain & Mental Health
PGS000071,Bladder cancer,Cancer
PGS000152,Bladder cancer,Cancer
PGS000607,Bladder cancer,Cancer
PGS000608,Bladder cancer,Cancer
PGS000609,Bladder cancer,Cancer
PGS000610,Bladder cancer,Cancer
PGS000611,Bladder cancer,Cancer
PGS000612,Bladder cancer,Cancer
PGS000613,Bladder cancer,Cancer
PGS000614,Bladder cancer,Cancer
PGS000615,Bladder cancer,Cancer
PGS000616,Bladder cancer,Cancer
PGS000723,Bladder cancer,Cancer
PGS000782,Bladder cancer,Cancer
PGS001807,Bladder cancer,Cancer
PGS002017,Bladder cancer,Cancer
PGS003335,Bladder cancer,Cancer
PGS004241,Bladder cancer,Cancer
PGS004687,Bladder cancer,Cancer
PGS012553,Bladder cancer,Cancer
PGS018565,Bladder cancer,Cancer
PGS018566,Bladder cancer,Cancer
PGS018567,Bladder cancer,Cancer
PGS018568,Bladder cancer,Cancer
PGS018569,Bladder cancer,Cancer
PGS000930,Blood clot (diagnosed by doctor),Cardiovascular & Cholesterol
PGS000931,Blood clot or deep vein thrombosis (diagnosed by doctor),Cardiovascular & Cholesterol
PGS019792,Blood urea nitrogen,Blood & Biomarkers
PGS019816,Blood urea nitrogen,Blood & Biomarkers
PGS019840,Blood urea nitrogen,Blood & Biomarkers
PGS019864,Blood urea nitrogen,Blood & Biomarkers
PGS019888,Blood urea nitrogen,Blood & Biomarkers
PGS019909,Blood urea nitrogen,Blood & Biomarkers
PGS003485,BMI-adjusted waist-hip ratio,Metabolism & Hormones
PGS001101,Body fat percentage,Metabolism & Hormones
PGS001917,Body fat percentage,Metabolism & Hormones
PGS002133,Body fat percentage,Metabolism & Hormones
PGS003509,Body fat percentage,Metabolism & Hormones
PGS003899,Body fat percentage,Metabolism & Hormones
PGS004374,Body fat percentage,Metabolism & Hormones
PGS001102,Body fat percentage (left arm),Metabolism & Hormones
PGS001103,Body fat percentage (left leg),Metabolism & Hormones
PGS001104,Body fat percentage (right leg),Metabolism & Hormones
PGS004216,Body mass index,Metabolism & Hormones
PGS004217,Body mass index,Metabolism & Hormones
PGS004218,Body mass index,Metabolism & Hormones
PGS004219,Body mass index,Metabolism & Hormones
PGS004220,Body mass index,Metabolism & Hormones
PGS004319,Body mass index,Metabolism & Hormones
PGS000027,Body mass index (BMI),Metabolism & Hormones
PGS000298,Body mass index (BMI),Metabolism & Hormones
PGS000320,Body mass index (BMI),Metabolism & Hormones
PGS000841,Body mass index (BMI),Metabolism & Hormones
PGS000910,Body mass index (BMI),Metabolism & Hormones
PGS000921,Body mass index (BMI),Metabolism & Hormones
PGS001228,Body mass index (BMI),Metabolism & Hormones
PGS001943,Body mass index (BMI),Metabolism & Hormones
PGS002161,Body mass index (BMI),Metabolism & Hormones
PGS002251,Body mass index (BMI),Metabolism & Hormones
PGS002313,Body mass index (BMI),Metabolism & Hormones
PGS002360,Body mass index (BMI),Metabolism & Hormones
PGS002385,Body mass index (BMI),Metabolism & Hormones
PGS002434,Body mass index (BMI),Metabolism & Hormones
PGS002483,Body mass index (BMI),Metabolism & Hormones
PGS002532,Body mass index (BMI),Metabolism & Hormones
PGS002581,Body mass index (BMI),Metabolism & Hormones
PGS002630,Body mass index (BMI),Metabolism & Hormones
PGS002679,Body mass index (BMI),Metabolism & Hormones
PGS002751,Body mass index (BMI),Metabolism & Hormones
PGS002840,Body mass index (BMI),Metabolism & Hormones
PGS002841,Body mass index (BMI),Metabolism & Hormones
PGS002842,Body mass index (BMI),Metabolism & Hormones
PGS002843,Body mass index (BMI),Metabolism & Hormones
PGS002844,Body mass index (BMI),Metabolism & Hormones
PGS002845,Body mass index (BMI),Metabolism & Hormones
PGS002846,Body mass index (BMI),Metabolism & Hormones
PGS002847,Body mass index (BMI),Metabolism & Hormones
PGS002848,Body mass index (BMI),Metabolism & Hormones
PGS002849,Body mass index (BMI),Metabolism & Hormones
PGS002850,Body mass index (BMI),Metabolism & Hormones
PGS002851,Body mass index (BMI),Metabolism & Hormones
PGS002852,Body mass index (BMI),Metabolism & Hormones
PGS002853,Body mass index (BMI),Metabolism & Hormones
PGS002854,Body mass index (BMI),Metabolism & Hormones
PGS002855,Body mass index (BMI),Metabolism & Hormones
PGS002856,Body mass index (BMI),Metabolism & Hormones
PGS002857,Body mass index (BMI),Metabolism & Hormones
PGS002858,Body mass index (BMI),Metabolism & Hormones
PGS002859,Body mass index (BMI),Metabolism & Hormones
PGS003462,Body mass index (BMI),Metabolism & Hormones
PGS003525,Body mass index (BMI),Metabolism & Hormones
PGS003842,Body mass index (BMI),Metabolism & Hormones
PGS003843,Body mass index (BMI),Metabolism & Hormones
PGS003844,Body mass index (BMI),Metabolism & Hormones
PGS003845,Body mass index (BMI),Metabolism & Hormones
PGS003846,Body mass index (BMI),Metabolism & Hormones
PGS003847,Body mass index (BMI),Metabolism & Hormones
PGS003848,Body mass index (BMI),Metabolism & Hormones
PGS003884,Body mass index (BMI),Metabolism & Hormones
PGS003885,Body mass index (BMI),Metabolism & Hormones
PGS003886,Body mass index (BMI),Metabolism & Hormones
PGS003887,Body mass index (BMI),Metabolism & Hormones
PGS003897,Body mass index (BMI),Metabolism & Hormones
PGS003980,Body mass index (BMI),Metabolism & Hormones
PGS003996,Body mass index (BMI),Metabolism & Hormones
PGS004012,Body mass index (BMI),Metabolism & Hormones
PGS004022,Body mass index (BMI),Metabolism & Hormones
PGS004037,Body mass index (BMI),Metabolism & Hormones
PGS004050,Body mass index (BMI),Metabolism & Hormones
PGS004066,Body mass index (BMI),Metabolism & Hormones
PGS004080,Body mass index (BMI),Metabolism & Hormones
PGS004096,Body mass index (BMI),Metabolism & Hormones
PGS004104,Body mass index (BMI),Metabolism & Hormones
PGS004120,Body mass index (BMI),Metabolism & Hormones
PGS004134,Body mass index (BMI),Metabolism & Hormones
PGS004150,Body mass index (BMI),Metabolism & Hormones
PGS004378,Body mass index (BMI),Metabolism & Hormones
PGS004409,Body mass index (BMI),Metabolism & Hormones
PGS004609,Body mass index (BMI),Metabolism & Hormones
PGS004610,Body mass index (BMI),Metabolism & Hormones
PGS004733,Body mass index (BMI),Metabolism & Hormones
PGS004734,Body mass index (BMI),Metabolism & Hormones
PGS004735,Body mass index (BMI),Metabolism & Hormones
PGS004736,Body mass index (BMI),Metabolism & Hormones
PGS004864,Body mass index (BMI),Metabolism & Hormones
PGS004900,Body mass index (BMI),Metabolism & Hormones
PGS004901,Body mass index (BMI),Metabolism & Hormones
PGS004902,Body mass index (BMI),Metabolism & Hormones
PGS004982,Body mass index (BMI),Metabolism & Hormones
PGS004983,Body mass index (BMI),Metabolism & Hormones
PGS004984,Body mass index (BMI),Metabolism & Hormones
PGS004985,Body mass index (BMI),Metabolism & Hormones
PGS004986,Body mass index (BMI),Metabolism & Hormones
PGS004987,Body mass index (BMI),Metabolism & Hormones
PGS004988,Body mass index (BMI),Metabolism & Hormones
PGS004989,Body mass index (BMI),Metabolism & Hormones
PGS004990,Body mass index (BMI),Metabolism & Hormones
PGS004991,Body mass index (BMI),Metabolism & Hormones
PGS004992,Body mass index (BMI),Metabolism & Hormones
PGS004993,Body mass index (BMI),Metabolism & Hormones
PGS004994,Body mass index (BMI),Metabolism & Hormones
PGS005102,Body mass index (BMI),Metabolism & Hormones
PGS005103,Body mass index (BMI),Metabolism & Hormones
PGS005114,Body mass index (BMI),Metabolism & Hormones
PGS005198,Body mass index (BMI),Metabolism & Hormones
PGS005199,Body mass index (BMI),Metabolism & Hormones
PGS005200,Body mass index (BMI),Metabolism & Hormones
PGS005201,Body mass index (BMI),Metabolism & Hormones
PGS005202,Body mass index (BMI),Metabolism & Hormones
PGS005203,Body mass index (BMI),Metabolism & Hormones
PGS005204,Body mass index (BMI),Metabolism & Hormones
PGS005279,Body mass index (BMI),Metabolism & Hormones
PGS005331,Body mass index (BMI),Metabolism & Hormones
PGS005332,Body mass index (BMI),Metabolism & Hormones
PGS005337,Body mass index (BMI),Metabolism & Hormones
PGS005338,Body mass index (BMI),Metabolism & Hormones
PGS005339,Body mass index (BMI),Metabolism & Hormones
PGS005340,Body mass index (BMI),Metabolism & Hormones
PGS012518,Body mass index (BMI),Metabolism & Hormones
PGS012526,Body mass index (BMI),Metabolism & Hormones
PGS012556,Body mass index (BMI),Metabolism & Hormones
PGS012557,Body mass index (BMI),Metabolism & Hormones
PGS019791,Body mass index (BMI),Metabolism & Hormones
PGS019815,Body mass index (BMI),Metabolism & Hormones
PGS019839,Body mass index (BMI),Metabolism & Hormones
PGS019863,Body mass index (BMI),Metabolism & Hormones
PGS019887,Body mass index (BMI),Metabolism & Hormones
PGS019908,Body mass index (BMI),Metabolism & Hormones
PGS000830,Body mass index (BMI) (female),Metabolism & Hormones
PGS000829,Body mass index (BMI) (male),Metabolism & Hormones
PGS005206,Bone mineral density,"Bone, Joint & Muscle Health"
PGS000121,Bone mineral density (BMD),"Bone, Joint & Muscle Health"
PGS000122,Bone mineral density (BMD),"Bone, Joint & Muscle Health"
PGS002315,Bone mineral density (BMD),"Bone, Joint & Muscle Health"
PGS002387,Bone mineral density (BMD),"Bone, Joint & Muscle Health"
PGS002436,Bone mineral density (BMD),"Bone, Joint & Muscle Health"
PGS002485,Bone mineral density (BMD),"Bone, Joint & Muscle Health"
PGS002534,Bone mineral density (BMD),"Bone, Joint & Muscle Health"
PGS002583,Bone mineral density (BMD),"Bone, Joint & Muscle Health"
PGS002632,Bone mineral density (BMD),"Bone, Joint & Muscle Health"
PGS002681,Bone mineral density (BMD),"Bone, Joint & Muscle Health"
PGS000618,Brain and nervous system cancer,Cancer
PGS000619,Brain and nervous system cancer,Cancer
PGS000620,Brain cancer,Cancer
PGS000621,Brain cancer,Cancer
PGS000622,Brain cancer,Cancer
PGS000623,Brain cancer,Cancer
PGS000624,Brain cancer,Cancer
PGS000625,Brain cancer,Cancer
PGS001808,Brain cancer,Cancer
PGS003737,Brain cancer,Cancer
PGS000001,Breast cancer,Cancer
PGS000004,Breast cancer,Cancer
PGS000007,Breast cancer,Cancer
PGS000015,Breast cancer,Cancer
PGS000028,Breast cancer,Cancer
PGS000045,Breast cancer,Cancer
PGS000050,Breast cancer,Cancer
PGS000051,Breast cancer,Cancer
PGS000052,Breast cancer,Cancer
PGS000072,Breast cancer,Cancer
PGS000153,Breast cancer,Cancer
PGS000317,Breast cancer,Cancer
PGS000332,Breast cancer,Cancer
PGS000335,Breast cancer,Cancer
PGS000344,Breast cancer,Cancer
PGS000345,Breast cancer,Cancer
PGS000773,Breast cancer,Cancer
PGS000783,Breast cancer,Cancer
PGS000873,Breast cancer,Cancer
PGS001336,Breast cancer,Cancer
PGS001778,Breast cancer,Cancer
PGS002242,Breast cancer,Cancer
PGS002294,Breast cancer,Cancer
PGS003380,Breast cancer,Cancer
PGS003396,Breast cancer,Cancer
PGS003397,Breast cancer,Cancer
PGS003398,Breast cancer,Cancer
PGS003399,Breast cancer,Cancer
PGS003738,Breast cancer,Cancer
PGS003758,Breast cancer,Cancer
PGS003759,Breast cancer,Cancer
PGS003983,Breast cancer,Cancer
PGS003999,Breast cancer,Cancer
PGS004025,Breast cancer,Cancer
PGS004040,Breast cancer,Cancer
PGS004053,Breast cancer,Cancer
PGS004069,Breast cancer,Cancer
PGS004083,Breast cancer,Cancer
PGS004107,Breast cancer,Cancer
PGS004123,Breast cancer,Cancer
PGS004137,Breast cancer,Cancer
PGS004153,Breast cancer,Cancer
PGS004166,Breast cancer,Cancer
PGS004167,Breast cancer,Cancer
PGS004168,Breast cancer,Cancer
PGS004169,Breast cancer,Cancer
PGS004170,Breast cancer,Cancer
PGS004242,Breast cancer,Cancer
PGS004295,Breast cancer,Cancer
PGS004296,Breast cancer,Cancer
PGS004297,Breast cancer,Cancer
PGS004298,Breast cancer,Cancer
PGS004299,Breast cancer,Cancer
PGS004441,Breast cancer,Cancer
PGS004511,Breast cancer,Cancer
PGS004579,Breast cancer,Cancer
PGS004611,Breast cancer,Cancer
PGS004688,Breast cancer,Cancer
PGS004737,Breast cancer,Cancer
PGS004738,Breast cancer,Cancer
PGS004865,Breast cancer,Cancer
PGS004869,Breast cancer,Cancer
PGS004893,Breast cancer,Cancer
PGS005104,Breast cancer,Cancer
PGS005164,Breast cancer,Cancer
PGS005378,Breast cancer,Cancer
PGS005379,Breast cancer,Cancer
PGS018525,Breast cancer,Cancer
PGS018526,Breast cancer,Cancer
PGS018527,Breast cancer,Cancer
PGS018528,Breast cancer,Cancer
PGS018529,Breast cancer,Cancer
PGS000472,Breast cancer (female),Cancer
PGS000473,Breast cancer (female),Cancer
PGS000474,Breast cancer (female),Cancer
PGS000475,Breast cancer (female),Cancer
PGS000476,Breast cancer (female),Cancer
PGS000477,Breast cancer (female),Cancer
PGS000478,Breast cancer (female),Cancer
PGS000479,Breast cancer (female),Cancer
PGS000480,Breast cancer (female),Cancer
PGS000481,Breast cancer (female),Cancer
PGS000482,Breast cancer (female),Cancer
PGS000483,Breast cancer (female),Cancer
PGS000484,Breast cancer (female),Cancer
PGS000485,Breast cancer (female),Cancer
PGS000486,Breast cancer (female),Cancer
PGS000487,Breast cancer (female),Cancer
PGS000488,Breast cancer (female),Cancer
PGS000489,Breast cancer (female),Cancer
PGS000490,Breast cancer (female),Cancer
PGS000491,Breast cancer (female),Cancer
PGS000492,Breast cancer (female),Cancer
PGS000493,Breast cancer (female),Cancer
PGS000494,Breast cancer (female),Cancer
PGS000495,Breast cancer (female),Cancer
PGS000496,Breast cancer (female),Cancer
PGS000497,Breast cancer (female),Cancer
PGS000498,Breast cancer (female),Cancer
PGS000499,Breast cancer (female),Cancer
PGS000500,Breast cancer (female),Cancer
PGS000501,Breast cancer (female),Cancer
PGS000502,Breast cancer (female),Cancer
PGS000503,Breast cancer (female),Cancer
PGS000504,Breast cancer (female),Cancer
PGS000505,Breast cancer (female),Cancer
PGS000506,Breast cancer (female),Cancer
PGS000507,Breast cancer (female),Cancer
PGS000508,Breast cancer (female),Cancer
PGS000509,Breast cancer (female),Cancer
PGS000510,Breast cancer (female),Cancer
PGS000511,Breast cancer (female),Cancer
PGS000512,Breast cancer (female),Cancer
PGS000513,Breast cancer (female),Cancer
PGS000514,Breast cancer (female),Cancer
PGS000515,Breast cancer (female),Cancer
PGS000516,Breast cancer (female),Cancer
PGS000517,Breast cancer (female),Cancer
PGS000518,Breast cancer (female),Cancer
PGS000519,Breast cancer (female),Cancer
PGS000520,Breast cancer (female),Cancer
PGS000521,Breast cancer (female),Cancer
PGS000522,Breast cancer (female),Cancer
PGS000523,Breast cancer (female),Cancer
PGS000524,Breast cancer (female),Cancer
PGS000525,Breast cancer (female),Cancer
PGS000526,Breast cancer (female),Cancer
PGS000527,Breast cancer (female),Cancer
PGS000528,Breast cancer (female),Cancer
PGS000529,Breast cancer (female),Cancer
PGS000530,Breast cancer (female),Cancer
PGS000531,Breast cancer (female),Cancer
PGS000532,Breast cancer (female),Cancer
PGS000533,Breast cancer (female),Cancer
PGS000534,Breast cancer (female),Cancer
PGS000535,Breast cancer (female),Cancer
PGS000536,Breast cancer (female),Cancer
PGS000537,Breast cancer (female),Cancer
PGS000538,Breast cancer (female),Cancer
PGS000539,Breast cancer (female),Cancer
PGS000540,Breast cancer (female),Cancer
PGS001804,Breast cancer (female),Cancer
PGS002015,Breast cancer (female),Cancer
PGS018530,Breast cancer female,Cancer
PGS018531,Breast cancer female,Cancer
PGS018532,Breast cancer female,Cancer
PGS018533,Breast cancer female,Cancer
PGS018534,Breast cancer female,Cancer
PGS000215,Breast cancer intrinsic-like subtype (HER2-enriched-like),Cancer
PGS000212,Breast cancer intrinsic-like subtype (luminal A-like),Cancer
PGS000213,Breast cancer intrinsic-like subtype (luminal B/HER2-negative-like),Cancer
PGS000214,Breast cancer intrinsic-like subtype (luminal B-like),Cancer
PGS000216,Breast cancer intrinsic-like subtype (triple negative),Cancer
PGS005345,Breast carcinoma,Cancer
PGS005346,Breast carcinoma,Cancer
PGS005347,Breast carcinoma,Cancer
PGS005348,Breast carcinoma,Cancer
PGS005349,Breast carcinoma,Cancer
PGS005396,Breast carcinoma,Cancer
PGS000140,"Broad Depression (seen a General Practitioner for nerves, anxiety, tension or depression)",Brain & Mental Health
PGS019290,Bronchitis,Lung & Respiratory
PGS019291,Bronchitis,Lung & Respiratory
PGS019292,Bronchitis,Lung & Respiratory
PGS019293,Bronchitis,Lung & Respiratory
PGS019294,Bronchitis,Lung & Respiratory
PGS000737,Brugada syndrome,Cardiovascular & Cholesterol
PGS001779,Brugada syndrome,Cardiovascular & Cholesterol
PGS004442,C34 (Malignant neoplasm of bronchus and lung),Cancer
PGS004512,C34 (Malignant neoplasm of bronchus and lung),Cancer
PGS001893,Calcium,Metabolism & Hormones
PGS002106,Calcium,Metabolism & Hormones
PGS004332,Calcium (mmol/L),Metabolism & Hormones
PGS000676,Calcium [mmol/L],Metabolism & Hormones
PGS019479,Calculus of kidney,Kidney & Urinary Health
PGS019480,Calculus of kidney,Kidney & Urinary Health
PGS019481,Calculus of kidney,Kidney & Urinary Health
PGS019482,Calculus of kidney,Kidney & Urinary Health
PGS019483,Calculus of kidney,Kidney & Urinary Health
PGS019484,Calculus of kidney,Kidney & Urinary Health
PGS001250,Calculus of kidney and ureter (time-to-event),Kidney & Urinary Health
PGS019485,Calculus of ureter,Kidney & Urinary Health
PGS019486,Calculus of ureter,Kidney & Urinary Health
PGS019487,Calculus of ureter,Kidney & Urinary Health
PGS019488,Calculus of ureter,Kidney & Urinary Health
PGS019489,Calculus of ureter,Kidney & Urinary Health
PGS019490,Calculus of ureter,Kidney & Urinary Health
PGS018520,Cancer of bronchus lung,Cancer
PGS018521,Cancer of bronchus lung,Cancer
PGS018522,Cancer of bronchus lung,Cancer
PGS018523,Cancer of bronchus lung,Cancer
PGS018524,Cancer of bronchus lung,Cancer
PGS018465,Cancer of larynx pharynx nasal cavities,Cancer
PGS018466,Cancer of larynx pharynx nasal cavities,Cancer
PGS018467,Cancer of larynx pharynx nasal cavities,Cancer
PGS018468,Cancer of larynx pharynx nasal cavities,Cancer
PGS018469,Cancer of larynx pharynx nasal cavities,Cancer
PGS018500,Cancer of liver and intrahepatic bile duct,Cancer
PGS018501,Cancer of liver and intrahepatic bile duct,Cancer
PGS018502,Cancer of liver and intrahepatic bile duct,Cancer
PGS018503,Cancer of liver and intrahepatic bile duct,Cancer
PGS018504,Cancer of liver and intrahepatic bile duct,Cancer
PGS018470,Cancer of nasopharynx,Cancer
PGS018471,Cancer of nasopharynx,Cancer
PGS018472,Cancer of nasopharynx,Cancer
PGS018473,Cancer of nasopharynx,Cancer
PGS018474,Cancer of nasopharynx,Cancer
PGS000543,Cancer of other female genital organs,Cancer
PGS000593,Cancer of other male genital organs,Cancer
PGS000594,Cancer of other male genital organs,Cancer
PGS018480,Cancer of stomach,Cancer
PGS018481,Cancer of stomach,Cancer
PGS018482,Cancer of stomach,Cancer
PGS018483,Cancer of stomach,Cancer
PGS018484,Cancer of stomach,Cancer
PGS018585,Cancer suspected or other,Cancer
PGS018586,Cancer suspected or other,Cancer
PGS018587,Cancer suspected or other,Cancer
PGS018588,Cancer suspected or other,Cancer
PGS018589,Cancer suspected or other,Cancer
PGS000469,Carcinoma in situ of skin,Cancer
PGS000470,Carcinoma in situ of skin,Cancer
PGS000471,Carcinoma in situ of skin,Cancer
PGS019185,Cardiac dysrhythmias,Cardiovascular & Cholesterol
PGS019186,Cardiac dysrhythmias,Cardiovascular & Cholesterol
PGS019187,Cardiac dysrhythmias,Cardiovascular & Cholesterol
PGS019188,Cardiac dysrhythmias,Cardiovascular & Cholesterol
PGS019189,Cardiac dysrhythmias,Cardiovascular & Cholesterol
PGS003868,Cardiomyopathy,Cardiovascular & Cholesterol
PGS000117,Cardiovascular disease,Cardiovascular & Cholesterol
PGS000863,Cardiovascular disease,Cardiovascular & Cholesterol
PGS002316,Cardiovascular disease,Cardiovascular & Cholesterol
PGS002361,Cardiovascular disease,Cardiovascular & Cholesterol
PGS002388,Cardiovascular disease,Cardiovascular & Cholesterol
PGS002437,Cardiovascular disease,Cardiovascular & Cholesterol
PGS002486,Cardiovascular disease,Cardiovascular & Cholesterol
PGS002535,Cardiovascular disease,Cardiovascular & Cholesterol
PGS002584,Cardiovascular disease,Cardiovascular & Cholesterol
PGS002633,Cardiovascular disease,Cardiovascular & Cholesterol
PGS002682,Cardiovascular disease,Cardiovascular & Cholesterol
PGS005253,Cardiovascular disease,Cardiovascular & Cholesterol
PGS001302,Cataract,Eye Health
PGS001837,Cataract,Eye Health
PGS002044,Cataract,Eye Health
PGS005142,Cataract,Eye Health
PGS005149,Cataract,Eye Health
PGS019046,Cataract,Eye Health
PGS019047,Cataract,Eye Health
PGS019048,Cataract,Eye Health
PGS019049,Cataract,Eye Health
PGS019050,Cataract,Eye Health
PGS001856,Celiac disease,Immune & Autoimmune
PGS002067,Celiac disease,Immune & Autoimmune
PGS004930,Celiac disease,Immune & Autoimmune
PGS001300,"Celiac disease or gluten sensitivity, diagnosed",Immune & Autoimmune
PGS019572,Cellulitis and abscess of fingers toes,Skin Health
PGS019573,Cellulitis and abscess of fingers toes,Skin Health
PGS019574,Cellulitis and abscess of fingers toes,Skin Health
PGS019575,Cellulitis and abscess of fingers toes,Skin Health
PGS019576,Cellulitis and abscess of fingers toes,Skin Health
PGS019250,Cerebral artery occlusion with cerebral infarction,Cardiovascular & Cholesterol
PGS019251,Cerebral artery occlusion with cerebral infarction,Cardiovascular & Cholesterol
PGS019252,Cerebral artery occlusion with cerebral infarction,Cardiovascular & Cholesterol
PGS019253,Cerebral artery occlusion with cerebral infarction,Cardiovascular & Cholesterol
PGS019254,Cerebral artery occlusion with cerebral infarction,Cardiovascular & Cholesterol
PGS019235,Cerebral ischemia,Cardiovascular & Cholesterol
PGS019236,Cerebral ischemia,Cardiovascular & Cholesterol
PGS019237,Cerebral ischemia,Cardiovascular & Cholesterol
PGS019238,Cerebral ischemia,Cardiovascular & Cholesterol
PGS019239,Cerebral ischemia,Cardiovascular & Cholesterol
PGS002053,Cerebrovascular disease,Cardiovascular & Cholesterol
PGS019225,Cerebrovascular disease,Cardiovascular & Cholesterol
PGS019226,Cerebrovascular disease,Cardiovascular & Cholesterol
PGS019227,Cerebrovascular disease,Cardiovascular & Cholesterol
PGS019228,Cerebrovascular disease,Cardiovascular & Cholesterol
PGS019229,Cerebrovascular disease,Cardiovascular & Cholesterol
PGS000073,Cervical cancer,Cancer
PGS000784,Cervical cancer,Cancer
PGS001299,Cervical cancer,Cancer
PGS003389,Cervical cancer,Cancer
PGS003428,Cervical cancer,Cancer
PGS005165,Cervical cancer,Cancer
PGS018545,Cervical cancer,Cancer
PGS018546,Cervical cancer,Cancer
PGS018547,Cervical cancer,Cancer
PGS018548,Cervical cancer,Cancer
PGS018549,Cervical cancer,Cancer
PGS018540,Cervical cancer and dysplasia,Cancer
PGS018541,Cervical cancer and dysplasia,Cancer
PGS018542,Cervical cancer and dysplasia,Cancer
PGS018543,Cervical cancer and dysplasia,Cancer
PGS018544,Cervical cancer and dysplasia,Cancer
PGS018550,Cervical intraepithelial neoplasia CIN Cervical dysplasia,Reproductive Health
PGS018551,Cervical intraepithelial neoplasia CIN Cervical dysplasia,Reproductive Health
PGS018552,Cervical intraepithelial neoplasia CIN Cervical dysplasia,Reproductive Health
PGS018553,Cervical intraepithelial neoplasia CIN Cervical dysplasia,Reproductive Health
PGS018554,Cervical intraepithelial neoplasia CIN Cervical dysplasia,Reproductive Health
PGS004613,CHARGE-AF predicted 5-year risk of atrial fibrillation,Cardiovascular & Cholesterol
PGS002248,Childhood asthma,Lung & Respiratory
PGS003354,Childhood steroid-sensitive nephrotic syndrome,Kidney & Urinary Health
PGS005150,Cholelithiasis,Digestive & Liver Health
PGS012582,Cholelithiasis,Digestive & Liver Health
PGS019385,Cholelithiasis,Digestive & Liver Health
PGS019386,Cholelithiasis,Digestive & Liver Health
PGS019387,Cholelithiasis,Digestive & Liver Health
PGS019388,Cholelithiasis,Digestive & Liver Health
PGS019389,Cholelithiasis,Digestive & Liver Health
PGS001861,Cholelithiasis and cholecystitis,Digestive & Liver Health
PGS002072,Cholelithiasis and cholecystitis,Digestive & Liver Health
PGS019380,Cholelithiasis and cholecystitis,Digestive & Liver Health
PGS019381,Cholelithiasis and cholecystitis,Digestive & Liver Health
PGS019382,Cholelithiasis and cholecystitis,Digestive & Liver Health
PGS019383,Cholelithiasis and cholecystitis,Digestive & Liver Health
PGS019384,Cholelithiasis and cholecystitis,Digestive & Liver Health
PGS001174,Cholelithiasis (time-to-event),Digestive & Liver Health
PGS000192,Cholesterol,Cardiovascular & Cholesterol
PGS001895,Cholesterol,Cardiovascular & Cholesterol
PGS002108,Cholesterol,Cardiovascular & Cholesterol
PGS003495,Cholesterol,Cardiovascular & Cholesterol
PGS004333,Cholesterol (mmol/L),Cardiovascular & Cholesterol
PGS000677,Cholesterol [mmol/L] (statin adjusted),Cardiovascular & Cholesterol
PGS019395,Cholesterolosis of gallbladder,Cardiovascular & Cholesterol
PGS019396,Cholesterolosis of gallbladder,Cardiovascular & Cholesterol
PGS019397,Cholesterolosis of gallbladder,Cardiovascular & Cholesterol
PGS019398,Cholesterolosis of gallbladder,Cardiovascular & Cholesterol
PGS019399,Cholesterolosis of gallbladder,Cardiovascular & Cholesterol
PGS001850,Chronic airway obstruction,Lung & Respiratory
PGS002062,Chronic airway obstruction,Lung & Respiratory
PGS002732,Chronic elevation of alanine aminotransferase,Digestive & Liver Health
PGS018430,Chronic hepatitis,Digestive & Liver Health
PGS018431,Chronic hepatitis,Digestive & Liver Health
PGS018432,Chronic hepatitis,Digestive & Liver Health
PGS018433,Chronic hepatitis,Digestive & Liver Health
PGS018434,Chronic hepatitis,Digestive & Liver Health
PGS000962,Chronic ischaemic heart disease (time-to-event),Cardiovascular & Cholesterol
PGS000728,Chronic kidney disease,Kidney & Urinary Health
PGS000859,Chronic kidney disease,Kidney & Urinary Health
PGS002757,Chronic kidney disease,Kidney & Urinary Health
PGS004224,Chronic kidney disease,Kidney & Urinary Health
PGS004889,Chronic kidney disease,Kidney & Urinary Health
PGS005113,Chronic kidney disease,Kidney & Urinary Health
PGS012543,Chronic kidney disease,Kidney & Urinary Health
PGS003988,Chronic kidney disease (CKD),Kidney & Urinary Health
PGS004004,Chronic kidney disease (CKD),Kidney & Urinary Health
PGS004016,Chronic kidney disease (CKD),Kidney & Urinary Health
PGS004030,Chronic kidney disease (CKD),Kidney & Urinary Health
PGS004045,Chronic kidney disease (CKD),Kidney & Urinary Health
PGS004058,Chronic kidney disease (CKD),Kidney & Urinary Health
PGS004074,Chronic kidney disease (CKD),Kidney & Urinary Health
PGS004088,Chronic kidney disease (CKD),Kidney & Urinary Health
PGS004101,Chronic kidney disease (CKD),Kidney & Urinary Health
PGS004112,Chronic kidney disease (CKD),Kidney & Urinary Health
PGS004128,Chronic kidney disease (CKD),Kidney & Urinary Health
PGS004142,Chronic kidney disease (CKD),Kidney & Urinary Health
PGS004158,Chronic kidney disease (CKD),Kidney & Urinary Health
PGS002237,Chronic kidney disease (stage 3 or greater),Kidney & Urinary Health
PGS005090,Chronic kidney disease (stage 3 or higher),Kidney & Urinary Health
PGS019442,Chronic Kidney Disease Stage III,Kidney & Urinary Health
PGS019443,Chronic Kidney Disease Stage III,Kidney & Urinary Health
PGS019444,Chronic Kidney Disease Stage III,Kidney & Urinary Health
PGS019445,Chronic Kidney Disease Stage III,Kidney & Urinary Health
PGS019446,Chronic Kidney Disease Stage III,Kidney & Urinary Health
PGS019447,Chronic Kidney Disease Stage III,Kidney & Urinary Health
PGS019355,Chronic liver disease and cirrhosis,Digestive & Liver Health
PGS019356,Chronic liver disease and cirrhosis,Digestive & Liver Health
PGS019357,Chronic liver disease and cirrhosis,Digestive & Liver Health
PGS019358,Chronic liver disease and cirrhosis,Digestive & Liver Health
PGS019359,Chronic liver disease and cirrhosis,Digestive & Liver Health
PGS000646,Chronic lymphocytic leukemia,Cancer
PGS000647,Chronic lymphocytic leukemia,Cancer
PGS000648,Chronic lymphocytic leukemia,Cancer
PGS000649,Chronic lymphocytic leukemia,Cancer
PGS000650,Chronic lymphocytic leukemia,Cancer
PGS000651,Chronic lymphocytic leukemia,Cancer
PGS000874,Chronic lymphocytic leukemia,Cancer
PGS003453,Chronic lymphocytic leukemia,Cancer
PGS018701,Chronic lymphocytic thyroiditis,Metabolism & Hormones
PGS018702,Chronic lymphocytic thyroiditis,Metabolism & Hormones
PGS018703,Chronic lymphocytic thyroiditis,Metabolism & Hormones
PGS018704,Chronic lymphocytic thyroiditis,Metabolism & Hormones
PGS018705,Chronic lymphocytic thyroiditis,Metabolism & Hormones
PGS018706,Chronic lymphocytic thyroiditis,Metabolism & Hormones
PGS019285,Chronic obstructive asthma,Lung & Respiratory
PGS019286,Chronic obstructive asthma,Lung & Respiratory
PGS019287,Chronic obstructive asthma,Lung & Respiratory
PGS019288,Chronic obstructive asthma,Lung & Respiratory
PGS019289,Chronic obstructive asthma,Lung & Respiratory
PGS001332,Chronic obstructive pulmonary disease,Lung & Respiratory
PGS001783,Chronic obstructive pulmonary disease,Lung & Respiratory
PGS001788,Chronic obstructive pulmonary disease,Lung & Respiratory
PGS012564,Chronic obstructive pulmonary disease,Lung & Respiratory
PGS001333,Chronic obstructive pulmonary disease (algorithmically-defined),Lung & Respiratory
PGS019265,Chronic pharyngitis and nasopharyngitis,Lung & Respiratory
PGS019266,Chronic pharyngitis and nasopharyngitis,Lung & Respiratory
PGS019267,Chronic pharyngitis and nasopharyngitis,Lung & Respiratory
PGS019268,Chronic pharyngitis and nasopharyngitis,Lung & Respiratory
PGS019269,Chronic pharyngitis and nasopharyngitis,Lung & Respiratory
PGS019432,Chronic renal failure CKD,Kidney & Urinary Health
PGS019433,Chronic renal failure CKD,Kidney & Urinary Health
PGS019434,Chronic renal failure CKD,Kidney & Urinary Health
PGS019435,Chronic renal failure CKD,Kidney & Urinary Health
PGS019436,Chronic renal failure CKD,Kidney & Urinary Health
PGS001272,Chronic renal failure (time-to-event),Kidney & Urinary Health
PGS019270,Chronic sinusitis,Lung & Respiratory
PGS019271,Chronic sinusitis,Lung & Respiratory
PGS019272,Chronic sinusitis,Lung & Respiratory
PGS019273,Chronic sinusitis,Lung & Respiratory
PGS019274,Chronic sinusitis,Lung & Respiratory
PGS018695,Chronic thyroiditis,Metabolism & Hormones
PGS018696,Chronic thyroiditis,Metabolism & Hormones
PGS018697,Chronic thyroiditis,Metabolism & Hormones
PGS018698,Chronic thyroiditis,Metabolism & Hormones
PGS018699,Chronic thyroiditis,Metabolism & Hormones
PGS018700,Chronic thyroiditis,Metabolism & Hormones
PGS001847,Circulatory disease NEC,Cardiovascular & Cholesterol
PGS002059,Circulatory disease NEC,Cardiovascular & Cholesterol
PGS000726,Cirrhosis,Digestive & Liver Health
PGS000776,Cirrhosis,Digestive & Liver Health
PGS004621,Cirrhosis,Digestive & Liver Health
PGS001777,Cirrhosis (alcohol related),Digestive & Liver Health
PGS019365,Cirrhosis of liver without mention of alcohol,Digestive & Liver Health
PGS019366,Cirrhosis of liver without mention of alcohol,Digestive & Liver Health
PGS019367,Cirrhosis of liver without mention of alcohol,Digestive & Liver Health
PGS019368,Cirrhosis of liver without mention of alcohol,Digestive & Liver Health
PGS019369,Cirrhosis of liver without mention of alcohol,Digestive & Liver Health
PGS000040,Coeliac disease,Immune & Autoimmune
PGS000041,Coeliac disease,Immune & Autoimmune
PGS000042,Coeliac disease,Immune & Autoimmune
PGS000316,Coeliac disease,Immune & Autoimmune
PGS000376,Colon cancer,Cancer
PGS000377,Colon cancer,Cancer
PGS000378,Colon cancer,Cancer
PGS000379,Colon cancer,Cancer
PGS000380,Colon cancer,Cancer
PGS000381,Colon cancer,Cancer
PGS000382,Colon cancer,Cancer
PGS018490,Colon cancer,Cancer
PGS018491,Colon cancer,Cancer
PGS018492,Colon cancer,Cancer
PGS018493,Colon cancer,Cancer
PGS018494,Colon cancer,Cancer
PGS005151,Colon polyp,Digestive & Liver Health
PGS000055,Colorectal cancer,Cancer
PGS000074,Colorectal cancer,Cancer
PGS000146,Colorectal cancer,Cancer
PGS000147,Colorectal cancer,Cancer
PGS000148,Colorectal cancer,Cancer
PGS000149,Colorectal cancer,Cancer
PGS000150,Colorectal cancer,Cancer
PGS000151,Colorectal cancer,Cancer
PGS000154,Colorectal cancer,Cancer
PGS000367,Colorectal cancer,Cancer
PGS000368,Colorectal cancer,Cancer
PGS000369,Colorectal cancer,Cancer
PGS000370,Colorectal cancer,Cancer
PGS000371,Colorectal cancer,Cancer
PGS000372,Colorectal cancer,Cancer
PGS000373,Colorectal cancer,Cancer
PGS000374,Colorectal cancer,Cancer
PGS000375,Colorectal cancer,Cancer
PGS000720,Colorectal cancer,Cancer
PGS000734,Colorectal cancer,Cancer
PGS000765,Colorectal cancer,Cancer
PGS000785,Colorectal cancer,Cancer
PGS000801,Colorectal cancer,Cancer
PGS000802,Colorectal cancer,Cancer
PGS001776,Colorectal cancer,Cancer
PGS001802,Colorectal cancer,Cancer
PGS002013,Colorectal cancer,Cancer
PGS002252,Colorectal cancer,Cancer
PGS002265,Colorectal cancer,Cancer
PGS002742,Colorectal cancer,Cancer
PGS002743,Colorectal cancer,Cancer
PGS002744,Colorectal cancer,Cancer
PGS002758,Colorectal cancer,Cancer
PGS003386,Colorectal cancer,Cancer
PGS003395,Colorectal cancer,Cancer
PGS003431,Colorectal cancer,Cancer
PGS003432,Colorectal cancer,Cancer
PGS003433,Colorectal cancer,Cancer
PGS003434,Colorectal cancer,Cancer
PGS003435,Colorectal cancer,Cancer
PGS003436,Colorectal cancer,Cancer
PGS003439,Colorectal cancer,Cancer
PGS003850,Colorectal cancer,Cancer
PGS003851,Colorectal cancer,Cancer
PGS003852,Colorectal cancer,Cancer
PGS003979,Colorectal cancer,Cancer
PGS004240,Colorectal cancer,Cancer
PGS004243,Colorectal cancer,Cancer
PGS004300,Colorectal cancer,Cancer
PGS004301,Colorectal cancer,Cancer
PGS004302,Colorectal cancer,Cancer
PGS004303,Colorectal cancer,Cancer
PGS004304,Colorectal cancer,Cancer
PGS004580,Colorectal cancer,Cancer
PGS004586,Colorectal cancer,Cancer
PGS004689,Colorectal cancer,Cancer
PGS004880,Colorectal cancer,Cancer
PGS004904,Colorectal cancer,Cancer
PGS004945,Colorectal cancer,Cancer
PGS005162,Colorectal cancer,Cancer
PGS005275,Colorectal cancer,Cancer
PGS005402,Colorectal cancer,Cancer
PGS012583,Colorectal cancer,Cancer
PGS018485,Colorectal cancer,Cancer
PGS018486,Colorectal cancer,Cancer
PGS018487,Colorectal cancer,Cancer
PGS018488,Colorectal cancer,Cancer
PGS018489,Colorectal cancer,Cancer
PGS005394,Colorectal carcinoma,Cancer
PGS004912,Colorectal neoplasm,Cancer
PGS001826,Congenital deficiency of other clotting factors (including factor VII),Blood & Biomarkers
PGS002034,Congenital deficiency of other clotting factors (including factor VII),Blood & Biomarkers
PGS005073,"Congestive heart failure (CHF), NOS (PheCode 428.1)",Cardiovascular & Cholesterol
PGS005074,"Congestive heart failure (CHF), NOS (PheCode 428.1)",Cardiovascular & Cholesterol
PGS005075,"Congestive heart failure (CHF), NOS (PheCode 428.1)",Cardiovascular & Cholesterol
PGS005076,"Congestive heart failure (CHF), NOS (PheCode 428.1)",Cardiovascular & Cholesterol
PGS005077,"Congestive heart failure (CHF), NOS (PheCode 428.1)",Cardiovascular & Cholesterol
PGS005078,"Congestive heart failure (CHF), NOS (PheCode 428.1)",Cardiovascular & Cholesterol
PGS005079,"Congestive heart failure (CHF), NOS (PheCode 428.1)",Cardiovascular & Cholesterol
PGS005080,"Congestive heart failure (CHF), NOS (PheCode 428.1)",Cardiovascular & Cholesterol
PGS005081,"Congestive heart failure (CHF), NOS (PheCode 428.1)",Cardiovascular & Cholesterol
PGS005082,"Congestive heart failure (CHF), NOS (PheCode 428.1)",Cardiovascular & Cholesterol
PGS005083,"Congestive heart failure (CHF), NOS (PheCode 428.1)",Cardiovascular & Cholesterol
PGS005084,"Congestive heart failure (CHF), NOS (PheCode 428.1)",Cardiovascular & Cholesterol
PGS005085,"Congestive heart failure (CHF), NOS (PheCode 428.1)",Cardiovascular & Cholesterol
PGS001842,Congestive heart failure; nonhypertensive,Cardiovascular & Cholesterol
PGS002051,Congestive heart failure; nonhypertensive,Cardiovascular & Cholesterol
PGS000959,Connective tissue disorder,Immune & Autoimmune
PGS001880,Contracture of palmar fascia [Dupuytren's disease],"Bone, Joint & Muscle Health"
PGS002092,Contracture of palmar fascia [Dupuytren's disease],"Bone, Joint & Muscle Health"
PGS001835,Corneal dystrophy,Eye Health
PGS002042,Corneal dystrophy,Eye Health
PGS005096,Coronary artery calcification,Cardiovascular & Cholesterol
PGS004888,Coronary artery diseae,Cardiovascular & Cholesterol
PGS000011,Coronary artery disease,Cardiovascular & Cholesterol
PGS000012,Coronary artery disease,Cardiovascular & Cholesterol
PGS000013,Coronary artery disease,Cardiovascular & Cholesterol
PGS000018,Coronary artery disease,Cardiovascular & Cholesterol
PGS000019,Coronary artery disease,Cardiovascular & Cholesterol
PGS000058,Coronary artery disease,Cardiovascular & Cholesterol
PGS000116,Coronary artery disease,Cardiovascular & Cholesterol
PGS000296,Coronary artery disease,Cardiovascular & Cholesterol
PGS000337,Coronary artery disease,Cardiovascular & Cholesterol
PGS000349,Coronary artery disease,Cardiovascular & Cholesterol
PGS000746,Coronary artery disease,Cardiovascular & Cholesterol
PGS000747,Coronary artery disease,Cardiovascular & Cholesterol
PGS000748,Coronary artery disease,Cardiovascular & Cholesterol
PGS000749,Coronary artery disease,Cardiovascular & Cholesterol
PGS001355,Coronary artery disease,Cardiovascular & Cholesterol
PGS002244,Coronary artery disease,Cardiovascular & Cholesterol
PGS002262,Coronary artery disease,Cardiovascular & Cholesterol
PGS002809,Coronary artery disease,Cardiovascular & Cholesterol
PGS003355,Coronary artery disease,Cardiovascular & Cholesterol
PGS003356,Coronary artery disease,Cardiovascular & Cholesterol
PGS003438,Coronary artery disease,Cardiovascular & Cholesterol
PGS003446,Coronary artery disease,Cardiovascular & Cholesterol
PGS003725,Coronary artery disease,Cardiovascular & Cholesterol
PGS003726,Coronary artery disease,Cardiovascular & Cholesterol
PGS003727,Coronary artery disease,Cardiovascular & Cholesterol
PGS003866,Coronary artery disease,Cardiovascular & Cholesterol
PGS004196,Coronary artery disease,Cardiovascular & Cholesterol
PGS004197,Coronary artery disease,Cardiovascular & Cholesterol
PGS004198,Coronary artery disease,Cardiovascular & Cholesterol
PGS004199,Coronary artery disease,Cardiovascular & Cholesterol
PGS004200,Coronary artery disease,Cardiovascular & Cholesterol
PGS004305,Coronary artery disease,Cardiovascular & Cholesterol
PGS004306,Coronary artery disease,Cardiovascular & Cholesterol
PGS004307,Coronary artery disease,Cardiovascular & Cholesterol
PGS004308,Coronary artery disease,Cardiovascular & Cholesterol
PGS004309,Coronary artery disease,Cardiovascular & Cholesterol
PGS004743,Coronary artery disease,Cardiovascular & Cholesterol
PGS004744,Coronary artery disease,Cardiovascular & Cholesterol
PGS004745,Coronary artery disease,Cardiovascular & Cholesterol
PGS004746,Coronary artery disease,Cardiovascular & Cholesterol
PGS004921,Coronary artery disease,Cardiovascular & Cholesterol
PGS004941,Coronary artery disease,Cardiovascular & Cholesterol
PGS005091,Coronary artery disease,Cardiovascular & Cholesterol
PGS005092,Coronary artery disease,Cardiovascular & Cholesterol
PGS005093,Coronary artery disease,Cardiovascular & Cholesterol
PGS005094,Coronary artery disease,Cardiovascular & Cholesterol
PGS005112,Coronary artery disease,Cardiovascular & Cholesterol
PGS005143,Coronary artery disease,Cardiovascular & Cholesterol
PGS005152,Coronary artery disease,Cardiovascular & Cholesterol
PGS005231,Coronary artery disease,Cardiovascular & Cholesterol
PGS005236,Coronary artery disease,Cardiovascular & Cholesterol
PGS005293,Coronary artery disease,Cardiovascular & Cholesterol
PGS005294,Coronary artery disease,Cardiovascular & Cholesterol
PGS005295,Coronary artery disease,Cardiovascular & Cholesterol
PGS005296,Coronary artery disease,Cardiovascular & Cholesterol
PGS005297,Coronary artery disease,Cardiovascular & Cholesterol
PGS005298,Coronary artery disease,Cardiovascular & Cholesterol
PGS012530,Coronary artery disease,Cardiovascular & Cholesterol
PGS012542,Coronary artery disease,Cardiovascular & Cholesterol
PGS012558,Coronary artery disease,Cardiovascular & Cholesterol
PGS012581,Coronary artery disease,Cardiovascular & Cholesterol
PGS004237,Coronary Artery Disease,Cardiovascular & Cholesterol
PGS004443,Coronary artery disease (CAD),Cardiovascular & Cholesterol
PGS004513,Coronary artery disease (CAD),Cardiovascular & Cholesterol
PGS005322,Coronary artery disease (Endothelial cell-related),Cardiovascular & Cholesterol
PGS001839,Coronary atherosclerosis,Cardiovascular & Cholesterol
PGS002048,Coronary atherosclerosis,Cardiovascular & Cholesterol
PGS019165,Coronary atherosclerosis,Cardiovascular & Cholesterol
PGS019166,Coronary atherosclerosis,Cardiovascular & Cholesterol
PGS019167,Coronary atherosclerosis,Cardiovascular & Cholesterol
PGS019168,Coronary atherosclerosis,Cardiovascular & Cholesterol
PGS019169,Coronary atherosclerosis,Cardiovascular & Cholesterol
PGS000010,Coronary heart disease,Cardiovascular & Cholesterol
PGS000057,Coronary heart disease,Cardiovascular & Cholesterol
PGS000059,Coronary heart disease,Cardiovascular & Cholesterol
PGS000200,Coronary heart disease,Cardiovascular & Cholesterol
PGS000329,Coronary heart disease,Cardiovascular & Cholesterol
PGS000798,Coronary heart disease,Cardiovascular & Cholesterol
PGS000818,Coronary heart disease,Cardiovascular & Cholesterol
PGS000899,Coronary heart disease,Cardiovascular & Cholesterol
PGS001780,Coronary heart disease,Cardiovascular & Cholesterol
PGS004321,Coronary heart disease,Cardiovascular & Cholesterol
PGS004595,Coronary heart disease,Cardiovascular & Cholesterol
PGS004596,Coronary heart disease,Cardiovascular & Cholesterol
PGS004696,Coronary heart disease,Cardiovascular & Cholesterol
PGS004697,Coronary heart disease,Cardiovascular & Cholesterol
PGS004698,Coronary heart disease,Cardiovascular & Cholesterol
PGS004879,Coronary heart disease,Cardiovascular & Cholesterol
PGS004925,Coronary heart disease,Cardiovascular & Cholesterol
PGS018408,Coronary heart disease,Cardiovascular & Cholesterol
PGS004444,Coronary vascular disease (CVD),Cardiovascular & Cholesterol
PGS004514,Coronary vascular disease (CVD),Cardiovascular & Cholesterol
PGS000834,Corrected insulin response (at 30mins during OGTT),Metabolism & Hormones
PGS002272,COVID-19 infection,Infectious Diseases
PGS002273,COVID-19 infection,Infectious Diseases
PGS000967,Coxarthrosis [arthrosis of hip] (time-to-event),"Bone, Joint & Muscle Health"
PGS000314,C-reactive protein,Blood & Biomarkers
PGS001946,C-reactive protein,Blood & Biomarkers
PGS002164,C-reactive protein,Blood & Biomarkers
PGS002860,C-reactive protein,Blood & Biomarkers
PGS002861,C-reactive protein,Blood & Biomarkers
PGS002862,C-reactive protein,Blood & Biomarkers
PGS002863,C-reactive protein,Blood & Biomarkers
PGS002864,C-reactive protein,Blood & Biomarkers
PGS002865,C-reactive protein,Blood & Biomarkers
PGS002866,C-reactive protein,Blood & Biomarkers
PGS002867,C-reactive protein,Blood & Biomarkers
PGS002868,C-reactive protein,Blood & Biomarkers
PGS002869,C-reactive protein,Blood & Biomarkers
PGS002870,C-reactive protein,Blood & Biomarkers
PGS002871,C-reactive protein,Blood & Biomarkers
PGS002872,C-reactive protein,Blood & Biomarkers
PGS002873,C-reactive protein,Blood & Biomarkers
PGS002874,C-reactive protein,Blood & Biomarkers
PGS002875,C-reactive protein,Blood & Biomarkers
PGS002876,C-reactive protein,Blood & Biomarkers
PGS002877,C-reactive protein,Blood & Biomarkers
PGS002878,C-reactive protein,Blood & Biomarkers
PGS002879,C-reactive protein,Blood & Biomarkers
PGS002880,C-reactive protein,Blood & Biomarkers
PGS002881,C-reactive protein,Blood & Biomarkers
PGS002882,C-reactive protein,Blood & Biomarkers
PGS002883,C-reactive protein,Blood & Biomarkers
PGS002884,C-reactive protein,Blood & Biomarkers
PGS002885,C-reactive protein,Blood & Biomarkers
PGS002886,C-reactive protein,Blood & Biomarkers
PGS002887,C-reactive protein,Blood & Biomarkers
PGS002888,C-reactive protein,Blood & Biomarkers
PGS003527,C-reactive protein,Blood & Biomarkers
PGS004335,C-reactive protein (mg/L),Blood & Biomarkers
PGS000675,C-reactive protein [mg/L],Blood & Biomarkers
PGS001945,Creatinine,Kidney & Urinary Health
PGS002163,Creatinine,Kidney & Urinary Health
PGS003526,Creatinine,Kidney & Urinary Health
PGS001944,Creatinine (enzymatic) in urine,Kidney & Urinary Health
PGS002162,Creatinine (enzymatic) in urine,Kidney & Urinary Health
PGS000679,Creatinine in urine [umol/L],Kidney & Urinary Health
PGS004334,Creatinine (umol/L),Kidney & Urinary Health
PGS000678,Creatinine [umol/L],Kidney & Urinary Health
PGS001331,Crohn's disease,Immune & Autoimmune
PGS004254,Crohn's disease,Immune & Autoimmune
PGS001330,Crohn's disease [regional enteritis] (time-to-event),Immune & Autoimmune
PGS000339,Cutaneous melanoma,Cancer
PGS000766,Cutaneous melanoma,Cancer
PGS019946,Cutaneous melanoma,Cancer
PGS001947,Cystatin C,Cardiovascular & Cholesterol
PGS002165,Cystatin C,Cardiovascular & Cholesterol
PGS003528,Cystatin C,Cardiovascular & Cholesterol
PGS000680,Cystatin C [mg/L],Cardiovascular & Cholesterol
PGS003589,Cystatin C production,Cardiovascular & Cholesterol
PGS003590,Cystatin C production,Cardiovascular & Cholesterol
PGS000870,Cystic fibrosis related diabetes,Metabolism & Hormones
PGS019532,Cystic mastopathy,Reproductive Health
PGS019533,Cystic mastopathy,Reproductive Health
PGS019534,Cystic mastopathy,Reproductive Health
PGS019535,Cystic mastopathy,Reproductive Health
PGS019536,Cystic mastopathy,Reproductive Health
PGS019453,Cyst of kidney acquired,Kidney & Urinary Health
PGS019454,Cyst of kidney acquired,Kidney & Urinary Health
PGS019455,Cyst of kidney acquired,Kidney & Urinary Health
PGS019456,Cyst of kidney acquired,Kidney & Urinary Health
PGS019457,Cyst of kidney acquired,Kidney & Urinary Health
PGS004445,"D12 (Benign neoplasm of colon, rectum, anus and anal canal)",Cancer
PGS004515,"D12 (Benign neoplasm of colon, rectum, anus and anal canal)",Cancer
PGS000926,Daytime dozing / sleeping (narcolepsy),Brain & Mental Health
PGS001995,Daytime dozing / sleeping (narcolepsy),Brain & Mental Health
PGS002212,Daytime dozing / sleeping (narcolepsy),Brain & Mental Health
PGS001264,Deep vein thrombosis,Cardiovascular & Cholesterol
PGS001266,Deep vein thrombosis (diagnosed by doctor),Cardiovascular & Cholesterol
PGS001265,Deep vein thrombosis (leg),Cardiovascular & Cholesterol
PGS019016,Degeneration of macula and posterior pole of retina,Eye Health
PGS019017,Degeneration of macula and posterior pole of retina,Eye Health
PGS019018,Degeneration of macula and posterior pole of retina,Eye Health
PGS019019,Degeneration of macula and posterior pole of retina,Eye Health
PGS019020,Degeneration of macula and posterior pole of retina,Eye Health
PGS018891,Delirium dementia and amnestic and other cognitive disorders,Brain & Mental Health
PGS018892,Delirium dementia and amnestic and other cognitive disorders,Brain & Mental Health
PGS018893,Delirium dementia and amnestic and other cognitive disorders,Brain & Mental Health
PGS018894,Delirium dementia and amnestic and other cognitive disorders,Brain & Mental Health
PGS018895,Delirium dementia and amnestic and other cognitive disorders,Brain & Mental Health
PGS001827,Dementia,Brain & Mental Health
PGS002035,Dementia,Brain & Mental Health
PGS003334,Dementia,Brain & Mental Health
PGS004318,Dementia,Brain & Mental Health
PGS012589,Dementia,Brain & Mental Health
PGS018896,Dementia,Brain & Mental Health
PGS018897,Dementia,Brain & Mental Health
PGS018898,Dementia,Brain & Mental Health
PGS018899,Dementia,Brain & Mental Health
PGS018900,Dementia,Brain & Mental Health
PGS000945,Dementia in Alzheimer's disease (time-to-event),Brain & Mental Health
PGS001829,Depression,Brain & Mental Health
PGS002036,Depression,Brain & Mental Health
PGS002759,Depression,Brain & Mental Health
PGS004759,Depression,Brain & Mental Health
PGS004760,Depression,Brain & Mental Health
PGS018936,Depression,Brain & Mental Health
PGS018937,Depression,Brain & Mental Health
PGS018938,Depression,Brain & Mental Health
PGS018939,Depression,Brain & Mental Health
PGS018940,Depression,Brain & Mental Health
PGS000145,Depression (ICD-10 defined),Brain & Mental Health
PGS002113,Depression possibly related to stressful or traumatic event,Brain & Mental Health
PGS002320,Dermatologic diseases,Skin Health
PGS002392,Dermatologic diseases,Skin Health
PGS002441,Dermatologic diseases,Skin Health
PGS002490,Dermatologic diseases,Skin Health
PGS002539,Dermatologic diseases,Skin Health
PGS002588,Dermatologic diseases,Skin Health
PGS002637,Dermatologic diseases,Skin Health
PGS002686,Dermatologic diseases,Skin Health
PGS018445,Dermatophytosis of nail,Skin Health
PGS018446,Dermatophytosis of nail,Skin Health
PGS018447,Dermatophytosis of nail,Skin Health
PGS018448,Dermatophytosis of nail,Skin Health
PGS018449,Dermatophytosis of nail,Skin Health
PGS018450,Dermatophytosis of the body,Skin Health
PGS018451,Dermatophytosis of the body,Skin Health
PGS018452,Dermatophytosis of the body,Skin Health
PGS018453,Dermatophytosis of the body,Skin Health
PGS018454,Dermatophytosis of the body,Skin Health
PGS018951,Develomental delays and disorders,Brain & Mental Health
PGS018952,Develomental delays and disorders,Brain & Mental Health
PGS018953,Develomental delays and disorders,Brain & Mental Health
PGS018954,Develomental delays and disorders,Brain & Mental Health
PGS018955,Develomental delays and disorders,Brain & Mental Health
PGS001327,Diabetes,Metabolism & Hormones
PGS002321,Diabetes (any type),Metabolism & Hormones
PGS002393,Diabetes (any type),Metabolism & Hormones
PGS002442,Diabetes (any type),Metabolism & Hormones
PGS002491,Diabetes (any type),Metabolism & Hormones
PGS002540,Diabetes (any type),Metabolism & Hormones
PGS002589,Diabetes (any type),Metabolism & Hormones
PGS002638,Diabetes (any type),Metabolism & Hormones
PGS002687,Diabetes (any type),Metabolism & Hormones
PGS018717,Diabetes mellitus,Metabolism & Hormones
PGS018718,Diabetes mellitus,Metabolism & Hormones
PGS018719,Diabetes mellitus,Metabolism & Hormones
PGS018720,Diabetes mellitus,Metabolism & Hormones
PGS018721,Diabetes mellitus,Metabolism & Hormones
PGS018722,Diabetes mellitus,Metabolism & Hormones
PGS018770,Diabetes type 2 with peripheral circulatory disorders,Cardiovascular & Cholesterol
PGS018771,Diabetes type 2 with peripheral circulatory disorders,Cardiovascular & Cholesterol
PGS018772,Diabetes type 2 with peripheral circulatory disorders,Cardiovascular & Cholesterol
PGS018773,Diabetes type 2 with peripheral circulatory disorders,Cardiovascular & Cholesterol
PGS018774,Diabetes type 2 with peripheral circulatory disorders,Cardiovascular & Cholesterol
PGS018775,Diabetes type 2 with peripheral circulatory disorders,Cardiovascular & Cholesterol
PGS001028,Diabetic eye disease,Eye Health
PGS000819,Diabetic retinopathy,Eye Health
PGS001819,Diabetic retinopathy,Eye Health
PGS002027,Diabetic retinopathy,Eye Health
PGS018740,Diabetic retinopathy,Eye Health
PGS018741,Diabetic retinopathy,Eye Health
PGS018742,Diabetic retinopathy,Eye Health
PGS018743,Diabetic retinopathy,Eye Health
PGS018744,Diabetic retinopathy,Eye Health
PGS018745,Diabetic retinopathy,Eye Health
PGS000862,Diabetic Retinopathy,Eye Health
PGS001894,Diagnosed with coeliac disease or gluten sensitivity,Immune & Autoimmune
PGS002107,Diagnosed with coeliac disease or gluten sensitivity,Immune & Autoimmune
PGS001050,Diaphragmatic hernia (time-to-event),Digestive & Liver Health
PGS000302,Diastolic blood pressure,Cardiovascular & Cholesterol
PGS000912,Diastolic blood pressure,Cardiovascular & Cholesterol
PGS002239,Diastolic blood pressure,Cardiovascular & Cholesterol
PGS002258,Diastolic blood pressure,Cardiovascular & Cholesterol
PGS002322,Diastolic blood pressure,Cardiovascular & Cholesterol
PGS002362,Diastolic blood pressure,Cardiovascular & Cholesterol
PGS002394,Diastolic blood pressure,Cardiovascular & Cholesterol
PGS002443,Diastolic blood pressure,Cardiovascular & Cholesterol
PGS002492,Diastolic blood pressure,Cardiovascular & Cholesterol
PGS002541,Diastolic blood pressure,Cardiovascular & Cholesterol
PGS002590,Diastolic blood pressure,Cardiovascular & Cholesterol
PGS002639,Diastolic blood pressure,Cardiovascular & Cholesterol
PGS002688,Diastolic blood pressure,Cardiovascular & Cholesterol
PGS002889,Diastolic blood pressure,Cardiovascular & Cholesterol
PGS002890,Diastolic blood pressure,Cardiovascular & Cholesterol
PGS002891,Diastolic blood pressure,Cardiovascular & Cholesterol
PGS002892,Diastolic blood pressure,Cardiovascular & Cholesterol
PGS002893,Diastolic blood pressure,Cardiovascular & Cholesterol
PGS002894,Diastolic blood pressure,Cardiovascular & Cholesterol
PGS002895,Diastolic blood pressure,Cardiovascular & Cholesterol
PGS002896,Diastolic blood pressure,Cardiovascular & Cholesterol
PGS002897,Diastolic blood pressure,Cardiovascular & Cholesterol
PGS002898,Diastolic blood pressure,Cardiovascular & Cholesterol
PGS002899,Diastolic blood pressure,Cardiovascular & Cholesterol
PGS002900,Diastolic blood pressure,Cardiovascular & Cholesterol
PGS002901,Diastolic blood pressure,Cardiovascular & Cholesterol
PGS002902,Diastolic blood pressure,Cardiovascular & Cholesterol
PGS002903,Diastolic blood pressure,Cardiovascular & Cholesterol
PGS002904,Diastolic blood pressure,Cardiovascular & Cholesterol
PGS002905,Diastolic blood pressure,Cardiovascular & Cholesterol
PGS002906,Diastolic blood pressure,Cardiovascular & Cholesterol
PGS002907,Diastolic blood pressure,Cardiovascular & Cholesterol
PGS002908,Diastolic blood pressure,Cardiovascular & Cholesterol
PGS003463,Diastolic blood pressure,Cardiovascular & Cholesterol
PGS003883,Diastolic blood pressure,Cardiovascular & Cholesterol
PGS003964,Diastolic blood pressure,Cardiovascular & Cholesterol
PGS004232,Diastolic blood pressure,Cardiovascular & Cholesterol
PGS004233,Diastolic blood pressure,Cardiovascular & Cholesterol
PGS004604,Diastolic blood pressure,Cardiovascular & Cholesterol
PGS004755,Diastolic blood pressure,Cardiovascular & Cholesterol
PGS004756,Diastolic blood pressure,Cardiovascular & Cholesterol
PGS004757,Diastolic blood pressure,Cardiovascular & Cholesterol
PGS004758,Diastolic blood pressure,Cardiovascular & Cholesterol
PGS005317,Diastolic blood pressure,Cardiovascular & Cholesterol
PGS005351,Diastolic blood pressure,Cardiovascular & Cholesterol
PGS012515,Diastolic blood pressure,Cardiovascular & Cholesterol
PGS012523,Diastolic blood pressure,Cardiovascular & Cholesterol
PGS019793,Diastolic blood pressure,Cardiovascular & Cholesterol
PGS019817,Diastolic blood pressure,Cardiovascular & Cholesterol
PGS019841,Diastolic blood pressure,Cardiovascular & Cholesterol
PGS019865,Diastolic blood pressure,Cardiovascular & Cholesterol
PGS019889,Diastolic blood pressure,Cardiovascular & Cholesterol
PGS019910,Diastolic blood pressure,Cardiovascular & Cholesterol
PGS001900,"Diastolic blood pressure, automated reading",Cardiovascular & Cholesterol
PGS002114,"Diastolic blood pressure, automated reading",Cardiovascular & Cholesterol
PGS003498,"Diastolic blood pressure, automated reading",Cardiovascular & Cholesterol
PGS004371,"Diastolic blood pressure, automated reading",Cardiovascular & Cholesterol
PGS001133,Diastolic BP (AR),Cardiovascular & Cholesterol
PGS019639,Diffuse diseases of connective tissue,Immune & Autoimmune
PGS019640,Diffuse diseases of connective tissue,Immune & Autoimmune
PGS019641,Diffuse diseases of connective tissue,Immune & Autoimmune
PGS019642,Diffuse diseases of connective tissue,Immune & Autoimmune
PGS019643,Diffuse diseases of connective tissue,Immune & Autoimmune
PGS019644,Diffuse diseases of connective tissue,Immune & Autoimmune
PGS003454,Diffuse large B-cell lymphoma,Cancer
PGS004861,Dilated cardiomyopathy,Cardiovascular & Cholesterol
PGS004946,Dilated cardiomyopathy,Cardiovascular & Cholesterol
PGS004948,Dilated cardiomyopathy,Cardiovascular & Cholesterol
PGS004950,Dilated cardiomyopathy,Cardiovascular & Cholesterol
PGS004862,Dilated cardiomyopathy (MTAG),Cardiovascular & Cholesterol
PGS004947,Dilated cardiomyopathy (MTAG),Cardiovascular & Cholesterol
PGS004949,Dilated cardiomyopathy (MTAG),Cardiovascular & Cholesterol
PGS004951,Dilated cardiomyopathy (MTAG),Cardiovascular & Cholesterol
PGS004206,Direct bilirubin,Digestive & Liver Health
PGS004207,Direct bilirubin,Digestive & Liver Health
PGS004208,Direct bilirubin,Digestive & Liver Health
PGS004209,Direct bilirubin,Digestive & Liver Health
PGS004210,Direct bilirubin,Digestive & Liver Health
PGS000681,Direct bilirubin [umol/L],Digestive & Liver Health
PGS001873,Diseases of hair and hair follicles,Skin Health
PGS002086,Diseases of hair and hair follicles,Skin Health
PGS019400,Diseases of pancreas,Digestive & Liver Health
PGS019401,Diseases of pancreas,Digestive & Liver Health
PGS019402,Diseases of pancreas,Digestive & Liver Health
PGS019403,Diseases of pancreas,Digestive & Liver Health
PGS019404,Diseases of pancreas,Digestive & Liver Health
PGS019629,Diseases of sebaceous glands,Skin Health
PGS019630,Diseases of sebaceous glands,Skin Health
PGS019631,Diseases of sebaceous glands,Skin Health
PGS019632,Diseases of sebaceous glands,Skin Health
PGS019633,Diseases of sebaceous glands,Skin Health
PGS019582,Disorder of skin and subcutaneous tissue NOS,Skin Health
PGS019583,Disorder of skin and subcutaneous tissue NOS,Skin Health
PGS019584,Disorder of skin and subcutaneous tissue NOS,Skin Health
PGS019585,Disorder of skin and subcutaneous tissue NOS,Skin Health
PGS019586,Disorder of skin and subcutaneous tissue NOS,Skin Health
PGS018856,Disorders involving the immune mechanism,Immune & Autoimmune
PGS018857,Disorders involving the immune mechanism,Immune & Autoimmune
PGS018858,Disorders involving the immune mechanism,Immune & Autoimmune
PGS018859,Disorders involving the immune mechanism,Immune & Autoimmune
PGS018860,Disorders involving the immune mechanism,Immune & Autoimmune
PGS001824,Disorders of bilirubin excretion,Digestive & Liver Health
PGS002032,Disorders of bilirubin excretion,Digestive & Liver Health
PGS019071,Disorders of iris and ciliary body,Eye Health
PGS019072,Disorders of iris and ciliary body,Eye Health
PGS019073,Disorders of iris and ciliary body,Eye Health
PGS019074,Disorders of iris and ciliary body,Eye Health
PGS019075,Disorders of iris and ciliary body,Eye Health
PGS001823,Disorders of iron metabolism,Blood & Biomarkers
PGS002031,Disorders of iron metabolism,Blood & Biomarkers
PGS001821,Disorders of lipoid metabolism,Cardiovascular & Cholesterol
PGS002029,Disorders of lipoid metabolism,Cardiovascular & Cholesterol
PGS018786,Disorders of lipoid metabolism,Cardiovascular & Cholesterol
PGS018787,Disorders of lipoid metabolism,Cardiovascular & Cholesterol
PGS018788,Disorders of lipoid metabolism,Cardiovascular & Cholesterol
PGS018789,Disorders of lipoid metabolism,Cardiovascular & Cholesterol
PGS018790,Disorders of lipoid metabolism,Cardiovascular & Cholesterol
PGS001318,Disorders of lipoprotein metabolism and other lipidaemias (time-to-event),Cardiovascular & Cholesterol
PGS019562,Disorders of menstruation and other abnormal bleeding from female genital tract,Reproductive Health
PGS019563,Disorders of menstruation and other abnormal bleeding from female genital tract,Reproductive Health
PGS019564,Disorders of menstruation and other abnormal bleeding from female genital tract,Reproductive Health
PGS019565,Disorders of menstruation and other abnormal bleeding from female genital tract,Reproductive Health
PGS019566,Disorders of menstruation and other abnormal bleeding from female genital tract,Reproductive Health
PGS001023,Disorders of mineral metabolism (time-to-event),Metabolism & Hormones
PGS019527,Disorders of penis,Reproductive Health
PGS019528,Disorders of penis,Reproductive Health
PGS019529,Disorders of penis,Reproductive Health
PGS019530,Disorders of penis,Reproductive Health
PGS019531,Disorders of penis,Reproductive Health
PGS000924,Disorders of porphyrin and bilirubin metabolism (time-to-event),Digestive & Liver Health
PGS004614,Diverticular disease,Digestive & Liver Health
PGS000996,Diverticular disease/diverticulitis,Digestive & Liver Health
PGS000997,Diverticular disease of intestine (time-to-event),Digestive & Liver Health
PGS019335,Duodenal ulcer,Digestive & Liver Health
PGS019336,Duodenal ulcer,Digestive & Liver Health
PGS019337,Duodenal ulcer,Digestive & Liver Health
PGS019338,Duodenal ulcer,Digestive & Liver Health
PGS019339,Duodenal ulcer,Digestive & Liver Health
PGS001390,Duodenal ulcer (time-to-event),Digestive & Liver Health
PGS001852,Duodenitis,Digestive & Liver Health
PGS001254,Dupuytren's contracture,"Bone, Joint & Muscle Health"
PGS004446,E03 (Other hypothyroidism),Metabolism & Hormones
PGS004516,E03 (Other hypothyroidism),Metabolism & Hormones
PGS004447,E66 (Obesity),Metabolism & Hormones
PGS004517,E66 (Obesity),Metabolism & Hormones
PGS004448,E78 (Disorders of lipoprotein metabolism and other lipidaemias),Cardiovascular & Cholesterol
PGS004518,E78 (Disorders of lipoprotein metabolism and other lipidaemias),Cardiovascular & Cholesterol
PGS000716,Early life body size,Metabolism & Hormones
PGS003760,Early onset colorectal cancer,Cancer
PGS004612,ECG-AI predicted 5-year risk of atrial fibrillation,Cardiovascular & Cholesterol
PGS002323,Eczema,Immune & Autoimmune
PGS002363,Eczema,Immune & Autoimmune
PGS002395,Eczema,Immune & Autoimmune
PGS002444,Eczema,Immune & Autoimmune
PGS002493,Eczema,Immune & Autoimmune
PGS002542,Eczema,Immune & Autoimmune
PGS002591,Eczema,Immune & Autoimmune
PGS002640,Eczema,Immune & Autoimmune
PGS002689,Eczema,Immune & Autoimmune
PGS000944,"Eczema, dermatitis",Immune & Autoimmune
PGS003989,eGFR,Kidney & Urinary Health
PGS004005,eGFR,Kidney & Urinary Health
PGS004017,eGFR,Kidney & Urinary Health
PGS004031,eGFR,Kidney & Urinary Health
PGS004046,eGFR,Kidney & Urinary Health
PGS004059,eGFR,Kidney & Urinary Health
PGS004075,eGFR,Kidney & Urinary Health
PGS004089,eGFR,Kidney & Urinary Health
PGS004113,eGFR,Kidney & Urinary Health
PGS004129,eGFR,Kidney & Urinary Health
PGS004143,eGFR,Kidney & Urinary Health
PGS004159,eGFR,Kidney & Urinary Health
PGS005318,eGFR,Kidney & Urinary Health
PGS000682,eGFR [ml/min/1.73m2],Kidney & Urinary Health
PGS019773,Elevated prostate specific antigen PSA,Reproductive Health
PGS019774,Elevated prostate specific antigen PSA,Reproductive Health
PGS019775,Elevated prostate specific antigen PSA,Reproductive Health
PGS019776,Elevated prostate specific antigen PSA,Reproductive Health
PGS019777,Elevated prostate specific antigen PSA,Reproductive Health
PGS001326,Emphysema,Lung & Respiratory
PGS002324,Endocrine and diabetes diseases,Metabolism & Hormones
PGS002396,Endocrine and diabetes diseases,Metabolism & Hormones
PGS002445,Endocrine and diabetes diseases,Metabolism & Hormones
PGS002494,Endocrine and diabetes diseases,Metabolism & Hormones
PGS002543,Endocrine and diabetes diseases,Metabolism & Hormones
PGS002592,Endocrine and diabetes diseases,Metabolism & Hormones
PGS002641,Endocrine and diabetes diseases,Metabolism & Hormones
PGS002690,Endocrine and diabetes diseases,Metabolism & Hormones
PGS000075,Endometrial cancer,Cancer
PGS000786,Endometrial cancer,Cancer
PGS002300,Endometrial cancer,Cancer
PGS002735,Endometrial cancer,Cancer
PGS002736,Endometrial cancer,Cancer
PGS002737,Endometrial cancer,Cancer
PGS004244,Endometrial cancer,Cancer
PGS001866,Endometriosis,Reproductive Health
PGS002077,Endometriosis,Reproductive Health
PGS003447,Endometriosis,Reproductive Health
PGS019552,Endometriosis,Reproductive Health
PGS019553,Endometriosis,Reproductive Health
PGS019554,Endometriosis,Reproductive Health
PGS019555,Endometriosis,Reproductive Health
PGS019556,Endometriosis,Reproductive Health
PGS019437,End stage renal disease,Kidney & Urinary Health
PGS019438,End stage renal disease,Kidney & Urinary Health
PGS019439,End stage renal disease,Kidney & Urinary Health
PGS019440,End stage renal disease,Kidney & Urinary Health
PGS019441,End stage renal disease,Kidney & Urinary Health
PGS001015,Enlarged prostate,Reproductive Health
PGS000324,Enthesitis-related Juvenile Idiophatic Arthritis,"Bone, Joint & Muscle Health"
PGS000090,Eosinophil count,Blood & Biomarkers
PGS000165,Eosinophil count,Blood & Biomarkers
PGS001172,Eosinophil count,Blood & Biomarkers
PGS002325,Eosinophil count,Blood & Biomarkers
PGS002364,Eosinophil count,Blood & Biomarkers
PGS002397,Eosinophil count,Blood & Biomarkers
PGS002446,Eosinophil count,Blood & Biomarkers
PGS002495,Eosinophil count,Blood & Biomarkers
PGS002544,Eosinophil count,Blood & Biomarkers
PGS002593,Eosinophil count,Blood & Biomarkers
PGS002642,Eosinophil count,Blood & Biomarkers
PGS002691,Eosinophil count,Blood & Biomarkers
PGS003464,Eosinophil count,Blood & Biomarkers
PGS003939,Eosinophil count,Blood & Biomarkers
PGS004761,Eosinophil count,Blood & Biomarkers
PGS004762,Eosinophil count,Blood & Biomarkers
PGS004763,Eosinophil count,Blood & Biomarkers
PGS004764,Eosinophil count,Blood & Biomarkers
PGS005182,Eosinophil count variance,Blood & Biomarkers
PGS012513,Eosinophilic esophagitis (EOE),Blood & Biomarkers
PGS002760,Epilepsy,Brain & Mental Health
PGS004881,Epilepsy,Brain & Mental Health
PGS018991,Epilepsy,Brain & Mental Health
PGS018992,Epilepsy,Brain & Mental Health
PGS018993,Epilepsy,Brain & Mental Health
PGS018994,Epilepsy,Brain & Mental Health
PGS018995,Epilepsy,Brain & Mental Health
PGS000068,Epithelial ovarian cancer,Cancer
PGS000724,Epithelial ovarian cancer,Cancer
PGS002250,Epithelial ovarian cancer,Cancer
PGS003394,Epithelial ovarian cancer,Cancer
PGS000003,ER-negative breast cancer,Cancer
PGS000006,ER-negative breast cancer,Cancer
PGS000009,ER-negative breast cancer,Cancer
PGS004867,ER-negative breast cancer,Cancer
PGS005106,ER-negative breast cancer,Cancer
PGS000002,ER-positive breast cancer,Cancer
PGS000005,ER-positive breast cancer,Cancer
PGS000008,ER-positive breast cancer,Cancer
PGS004866,ER-positive breast cancer,Cancer
PGS005105,ER-positive breast cancer,Cancer
PGS019587,Erythematous conditions,Skin Health
PGS019588,Erythematous conditions,Skin Health
PGS019589,Erythematous conditions,Skin Health
PGS019590,Erythematous conditions,Skin Health
PGS019591,Erythematous conditions,Skin Health
PGS019592,Erythematous conditions,Skin Health
PGS003388,Esophageal adenocarcinoma,Cancer
PGS003387,Esophageal adenocarcinoma or Barrett’s esophagus,Cancer
PGS000363,Esophageal cancer,Cancer
PGS000364,Esophageal cancer,Cancer
PGS000365,Esophageal cancer,Cancer
PGS000366,Esophageal cancer,Cancer
PGS005160,Esophageal cancer,Cancer
PGS018475,Esophageal cancer,Cancer
PGS018476,Esophageal cancer,Cancer
PGS018477,Esophageal cancer,Cancer
PGS018478,Esophageal cancer,Cancer
PGS018479,Esophageal cancer,Cancer
PGS001851,"Esophagitis, GERD and related diseases",Digestive & Liver Health
PGS002063,"Esophagitis, GERD and related diseases",Digestive & Liver Health
PGS000958,Essential hypertension,Cardiovascular & Cholesterol
PGS019132,Essential hypertension,Cardiovascular & Cholesterol
PGS019133,Essential hypertension,Cardiovascular & Cholesterol
PGS019134,Essential hypertension,Cardiovascular & Cholesterol
PGS019135,Essential hypertension,Cardiovascular & Cholesterol
PGS019136,Essential hypertension,Cardiovascular & Cholesterol
PGS019137,Essential hypertension,Cardiovascular & Cholesterol
PGS000957,Essential (primary hypertension) (time-to-event),Cardiovascular & Cholesterol
PGS000303,Estimated glomerular filtration rate,Kidney & Urinary Health
PGS000860,Estimated glomerular filtration rate,Kidney & Urinary Health
PGS000883,Estimated glomerular filtration rate,Kidney & Urinary Health
PGS000884,Estimated glomerular filtration rate,Kidney & Urinary Health
PGS000885,Estimated glomerular filtration rate,Kidney & Urinary Health
PGS002810,Estimated glomerular filtration rate,Kidney & Urinary Health
PGS003219,Estimated glomerular filtration rate,Kidney & Urinary Health
PGS003220,Estimated glomerular filtration rate,Kidney & Urinary Health
PGS003221,Estimated glomerular filtration rate,Kidney & Urinary Health
PGS003222,Estimated glomerular filtration rate,Kidney & Urinary Health
PGS003223,Estimated glomerular filtration rate,Kidney & Urinary Health
PGS003224,Estimated glomerular filtration rate,Kidney & Urinary Health
PGS003225,Estimated glomerular filtration rate,Kidney & Urinary Health
PGS003226,Estimated glomerular filtration rate,Kidney & Urinary Health
PGS003227,Estimated glomerular filtration rate,Kidney & Urinary Health
PGS003228,Estimated glomerular filtration rate,Kidney & Urinary Health
PGS003377,Estimated glomerular filtration rate,Kidney & Urinary Health
PGS003249,Estimated glomerular filtration rate (Creatine),Kidney & Urinary Health
PGS003250,Estimated glomerular filtration rate (Creatine),Kidney & Urinary Health
PGS003251,Estimated glomerular filtration rate (Creatine),Kidney & Urinary Health
PGS003252,Estimated glomerular filtration rate (Creatine),Kidney & Urinary Health
PGS003253,Estimated glomerular filtration rate (Creatine),Kidney & Urinary Health
PGS003254,Estimated glomerular filtration rate (Creatine),Kidney & Urinary Health
PGS003255,Estimated glomerular filtration rate (Creatine),Kidney & Urinary Health
PGS003256,Estimated glomerular filtration rate (Creatine),Kidney & Urinary Health
PGS003257,Estimated glomerular filtration rate (Creatine),Kidney & Urinary Health
PGS003258,Estimated glomerular filtration rate (Creatine),Kidney & Urinary Health
PGS003259,Estimated glomerular filtration rate (Creatine),Kidney & Urinary Health
PGS003260,Estimated glomerular filtration rate (Creatine),Kidney & Urinary Health
PGS003261,Estimated glomerular filtration rate (Creatine),Kidney & Urinary Health
PGS003262,Estimated glomerular filtration rate (Creatine),Kidney & Urinary Health
PGS003263,Estimated glomerular filtration rate (Creatine),Kidney & Urinary Health
PGS003264,Estimated glomerular filtration rate (Creatine),Kidney & Urinary Health
PGS003265,Estimated glomerular filtration rate (Creatine),Kidney & Urinary Health
PGS003266,Estimated glomerular filtration rate (Creatine),Kidney & Urinary Health
PGS003267,Estimated glomerular filtration rate (Creatine),Kidney & Urinary Health
PGS003268,Estimated glomerular filtration rate (Creatine),Kidney & Urinary Health
PGS003269,Estimated glomerular filtration rate (Creatine),Kidney & Urinary Health
PGS003270,Estimated glomerular filtration rate (Creatine),Kidney & Urinary Health
PGS003271,Estimated glomerular filtration rate (Creatine),Kidney & Urinary Health
PGS003272,Estimated glomerular filtration rate (Creatine),Kidney & Urinary Health
PGS003273,Estimated glomerular filtration rate (Creatine),Kidney & Urinary Health
PGS003274,Estimated glomerular filtration rate (Creatine),Kidney & Urinary Health
PGS003275,Estimated glomerular filtration rate (Creatine),Kidney & Urinary Health
PGS003276,Estimated glomerular filtration rate (Creatine),Kidney & Urinary Health
PGS003277,Estimated glomerular filtration rate (Creatine),Kidney & Urinary Health
PGS003278,Estimated glomerular filtration rate (Creatine),Kidney & Urinary Health
PGS003289,Estimated glomerular filtration rate (Cystatin C),Cardiovascular & Cholesterol
PGS003290,Estimated glomerular filtration rate (Cystatin C),Cardiovascular & Cholesterol
PGS003291,Estimated glomerular filtration rate (Cystatin C),Cardiovascular & Cholesterol
PGS003292,Estimated glomerular filtration rate (Cystatin C),Cardiovascular & Cholesterol
PGS003293,Estimated glomerular filtration rate (Cystatin C),Cardiovascular & Cholesterol
PGS003294,Estimated glomerular filtration rate (Cystatin C),Cardiovascular & Cholesterol
PGS003295,Estimated glomerular filtration rate (Cystatin C),Cardiovascular & Cholesterol
PGS003296,Estimated glomerular filtration rate (Cystatin C),Cardiovascular & Cholesterol
PGS003297,Estimated glomerular filtration rate (Cystatin C),Cardiovascular & Cholesterol
PGS003298,Estimated glomerular filtration rate (Cystatin C),Cardiovascular & Cholesterol
PGS003299,Estimated glomerular filtration rate (Cystatin C),Cardiovascular & Cholesterol
PGS003300,Estimated glomerular filtration rate (Cystatin C),Cardiovascular & Cholesterol
PGS003301,Estimated glomerular filtration rate (Cystatin C),Cardiovascular & Cholesterol
PGS003302,Estimated glomerular filtration rate (Cystatin C),Cardiovascular & Cholesterol
PGS003303,Estimated glomerular filtration rate (Cystatin C),Cardiovascular & Cholesterol
PGS003304,Estimated glomerular filtration rate (Cystatin C),Cardiovascular & Cholesterol
PGS003305,Estimated glomerular filtration rate (Cystatin C),Cardiovascular & Cholesterol
PGS003306,Estimated glomerular filtration rate (Cystatin C),Cardiovascular & Cholesterol
PGS003307,Estimated glomerular filtration rate (Cystatin C),Cardiovascular & Cholesterol
PGS003308,Estimated glomerular filtration rate (Cystatin C),Cardiovascular & Cholesterol
PGS003309,Estimated glomerular filtration rate (Cystatin C),Cardiovascular & Cholesterol
PGS003310,Estimated glomerular filtration rate (Cystatin C),Cardiovascular & Cholesterol
PGS003311,Estimated glomerular filtration rate (Cystatin C),Cardiovascular & Cholesterol
PGS003312,Estimated glomerular filtration rate (Cystatin C),Cardiovascular & Cholesterol
PGS003313,Estimated glomerular filtration rate (Cystatin C),Cardiovascular & Cholesterol
PGS003314,Estimated glomerular filtration rate (Cystatin C),Cardiovascular & Cholesterol
PGS003315,Estimated glomerular filtration rate (Cystatin C),Cardiovascular & Cholesterol
PGS003316,Estimated glomerular filtration rate (Cystatin C),Cardiovascular & Cholesterol
PGS003317,Estimated glomerular filtration rate (Cystatin C),Cardiovascular & Cholesterol
PGS003318,Estimated glomerular filtration rate (Cystatin C),Cardiovascular & Cholesterol
PGS000047,Estrogen receptor [ER]-negative breast cancer,Cancer
PGS000046,Estrogen receptor [ER]-positive breast cancer,Cancer
PGS000346,Estrogen receptor negative breast cancer,Cancer
PGS000775,Estrogen receptor negative breast cancer,Cancer
PGS004895,Estrogen receptor negative breast cancer,Cancer
PGS005382,Estrogen-receptor negative breast cancer,Cancer
PGS005383,Estrogen-receptor negative breast cancer,Cancer
PGS000347,Estrogen receptor positive breast cancer,Cancer
PGS000774,Estrogen receptor positive breast cancer,Cancer
PGS004894,Estrogen receptor positive breast cancer,Cancer
PGS005380,Estrogen-receptor positive breast cancer,Cancer
PGS005381,Estrogen-receptor positive breast cancer,Cancer
PGS001321,Eye problems/disorders (Glaucoma),Eye Health
PGS004449,F10 (Mental and behavioural disorders due to use of alcohol),Brain & Mental Health
PGS004519,F10 (Mental and behavioural disorders due to use of alcohol),Brain & Mental Health
PGS004450,F17 (Mental and behavioural disorders due to use of tobacco),Brain & Mental Health
PGS004520,F17 (Mental and behavioural disorders due to use of tobacco),Brain & Mental Health
PGS004451,F41 (Other anxiety disorders),Brain & Mental Health
PGS004521,F41 (Other anxiety disorders),Brain & Mental Health
PGS018996,Facial nerve disorders CN7,Brain & Mental Health
PGS018997,Facial nerve disorders CN7,Brain & Mental Health
PGS018998,Facial nerve disorders CN7,Brain & Mental Health
PGS018999,Facial nerve disorders CN7,Brain & Mental Health
PGS019000,Facial nerve disorders CN7,Brain & Mental Health
PGS019712,Fasciitis,"Bone, Joint & Muscle Health"
PGS019713,Fasciitis,"Bone, Joint & Muscle Health"
PGS019714,Fasciitis,"Bone, Joint & Muscle Health"
PGS019715,Fasciitis,"Bone, Joint & Muscle Health"
PGS019716,Fasciitis,"Bone, Joint & Muscle Health"
PGS000305,Fasting glucose,Metabolism & Hormones
PGS000838,Fasting glucose,Metabolism & Hormones
PGS001350,Fasting glucose,Metabolism & Hormones
PGS019794,Fasting glucose,Metabolism & Hormones
PGS019818,Fasting glucose,Metabolism & Hormones
PGS019842,Fasting glucose,Metabolism & Hormones
PGS019866,Fasting glucose,Metabolism & Hormones
PGS019890,Fasting glucose,Metabolism & Hormones
PGS019911,Fasting glucose,Metabolism & Hormones
PGS000306,Fasting glucose (body mass index adjusted),Metabolism & Hormones
PGS000307,Fasting insulin,Metabolism & Hormones
PGS000836,Fasting insulin,Metabolism & Hormones
PGS001351,Fasting insulin,Metabolism & Hormones
PGS003466,Fasting insulin,Metabolism & Hormones
PGS005276,Fasting insulin adjusted for BMI,Metabolism & Hormones
PGS005277,Fasting insulin adjusted for BMI,Metabolism & Hormones
PGS005278,Fasting insulin adjusted for BMI,Metabolism & Hormones
PGS000308,Fasting insulin (body mass index adjusted),Metabolism & Hormones
PGS003336,Fasting plasma glucose,Metabolism & Hormones
PGS003345,Fasting plasma glucose,Metabolism & Hormones
PGS003426,Ferritin,Blood & Biomarkers
PGS001801,FEV1/FVC ratio,Lung & Respiratory
PGS002326,FEV1/FVC ratio,Lung & Respiratory
PGS002398,FEV1/FVC ratio,Lung & Respiratory
PGS002447,FEV1/FVC ratio,Lung & Respiratory
PGS002496,FEV1/FVC ratio,Lung & Respiratory
PGS002545,FEV1/FVC ratio,Lung & Respiratory
PGS002594,FEV1/FVC ratio,Lung & Respiratory
PGS002643,FEV1/FVC ratio,Lung & Respiratory
PGS002692,FEV1/FVC ratio,Lung & Respiratory
PGS003465,FEV1/FVC ratio,Lung & Respiratory
PGS001031,Fibroblastic disorders (time-to-event),Skin Health
PGS003455,Follicular lymphoma,Cancer
PGS001800,Forced expiratory volume (FEV1),Lung & Respiratory
PGS004433,Forced expiratory volume in 1-second (FEV1),Lung & Respiratory
PGS001918,"Forced expiratory volume in 1-second (FEV1), Best measure",Lung & Respiratory
PGS002134,"Forced expiratory volume in 1-second (FEV1), Best measure",Lung & Respiratory
PGS004435,"Forced expiratory volume in 1-second (FEV1), Best measure",Lung & Respiratory
PGS004437,"Forced expiratory volume in 1-second (FEV1), predicted",Lung & Respiratory
PGS004438,"Forced expiratory volume in 1-second (FEV1), predicted percentage",Lung & Respiratory
PGS002327,Forced vital capacity,Lung & Respiratory
PGS002399,Forced vital capacity,Lung & Respiratory
PGS002448,Forced vital capacity,Lung & Respiratory
PGS002497,Forced vital capacity,Lung & Respiratory
PGS002546,Forced vital capacity,Lung & Respiratory
PGS002595,Forced vital capacity,Lung & Respiratory
PGS002644,Forced vital capacity,Lung & Respiratory
PGS002693,Forced vital capacity,Lung & Respiratory
PGS004432,Forced vital capacity (FVC),Lung & Respiratory
PGS001922,"Forced vital capacity (FVC), Best measure",Lung & Respiratory
PGS002138,"Forced vital capacity (FVC), Best measure",Lung & Respiratory
PGS004436,"Forced vital capacity (FVC), Best measure",Lung & Respiratory
PGS001921,Fractured/broken bones in last 5 years,"Bone, Joint & Muscle Health"
PGS002137,Fractured/broken bones in last 5 years,"Bone, Joint & Muscle Health"
PGS004907,Free thyroxine concentration,Metabolism & Hormones
PGS001858,Functional digestive disorders,Digestive & Liver Health
PGS002069,Functional digestive disorders,Digestive & Liver Health
PGS004452,G47 (Sleep disorders),Brain & Mental Health
PGS004522,G47 (Sleep disorders),Brain & Mental Health
PGS004453,G56 (Mononeuropathies of upper limb),Brain & Mental Health
PGS004523,G56 (Mononeuropathies of upper limb),Brain & Mental Health
PGS000705,Gallstones,Digestive & Liver Health
PGS001256,Gallstones,Digestive & Liver Health
PGS000817,Gamma-glutamyl transferase,Digestive & Liver Health
PGS001964,Gamma-glutamyl transferase,Digestive & Liver Health
PGS002182,Gamma-glutamyl transferase,Digestive & Liver Health
PGS003344,Gamma-glutamyl transferase,Digestive & Liver Health
PGS003543,Gamma-glutamyl transferase,Digestive & Liver Health
PGS004336,Gamma glutamyltransferase (U/L),Digestive & Liver Health
PGS000683,Gamma-glutamyl transferase [U/L],Digestive & Liver Health
PGS001879,"Ganglion and cyst of synovium, tendon, and bursa","Bone, Joint & Muscle Health"
PGS002747,Gastrointestinal cancer,Cancer
PGS001399,GE / gI antigen for Varicella Zoster Virus,Infectious Diseases
PGS003458,General atopic disease,Immune & Autoimmune
PGS003488,General atopic disease (IL-12 related variants),Immune & Autoimmune
PGS003489,General atopic disease (IL-17 related variants),Immune & Autoimmune
PGS003487,General atopic disease (IL-4 related variants),Immune & Autoimmune
PGS018941,Generalized anxiety disorder,Brain & Mental Health
PGS018942,Generalized anxiety disorder,Brain & Mental Health
PGS018943,Generalized anxiety disorder,Brain & Mental Health
PGS018944,Generalized anxiety disorder,Brain & Mental Health
PGS018945,Generalized anxiety disorder,Brain & Mental Health
PGS001867,Genital prolapse,Reproductive Health
PGS002078,Genital prolapse,Reproductive Health
PGS002256,Gestational diabetes mellitus in early pregnancy,Metabolism & Hormones
PGS003587,Gestational hypertension,Cardiovascular & Cholesterol
PGS004585,Gestational thrombocytopenia,Reproductive Health
PGS019300,Gingival and periodontal diseases,Dental & Oral Health
PGS019301,Gingival and periodontal diseases,Dental & Oral Health
PGS019302,Gingival and periodontal diseases,Dental & Oral Health
PGS019303,Gingival and periodontal diseases,Dental & Oral Health
PGS019304,Gingival and periodontal diseases,Dental & Oral Health
PGS019305,Gingivitis,Dental & Oral Health
PGS019306,Gingivitis,Dental & Oral Health
PGS019307,Gingivitis,Dental & Oral Health
PGS019308,Gingivitis,Dental & Oral Health
PGS019309,Gingivitis,Dental & Oral Health
PGS000137,Glaucoma,Eye Health
PGS001322,Glaucoma,Eye Health
PGS001836,Glaucoma,Eye Health
PGS002043,Glaucoma,Eye Health
PGS002761,Glaucoma,Eye Health
PGS004765,Glaucoma,Eye Health
PGS004766,Glaucoma,Eye Health
PGS019036,Glaucoma,Eye Health
PGS019037,Glaucoma,Eye Health
PGS019038,Glaucoma,Eye Health
PGS019039,Glaucoma,Eye Health
PGS019040,Glaucoma,Eye Health
PGS001323,Glaucoma (time-to-event),Eye Health
PGS003384,Glioblastoma,Cancer
PGS000155,Glioma,Cancer
PGS000781,Glioma,Cancer
PGS001952,Glucose,Metabolism & Hormones
PGS002170,Glucose,Metabolism & Hormones
PGS002328,Glucose,Metabolism & Hormones
PGS002365,Glucose,Metabolism & Hormones
PGS002400,Glucose,Metabolism & Hormones
PGS002449,Glucose,Metabolism & Hormones
PGS002498,Glucose,Metabolism & Hormones
PGS002547,Glucose,Metabolism & Hormones
PGS002596,Glucose,Metabolism & Hormones
PGS002645,Glucose,Metabolism & Hormones
PGS002694,Glucose,Metabolism & Hormones
PGS002934,Glucose,Metabolism & Hormones
PGS002935,Glucose,Metabolism & Hormones
PGS002936,Glucose,Metabolism & Hormones
PGS002937,Glucose,Metabolism & Hormones
PGS002938,Glucose,Metabolism & Hormones
PGS002939,Glucose,Metabolism & Hormones
PGS002940,Glucose,Metabolism & Hormones
PGS002941,Glucose,Metabolism & Hormones
PGS002942,Glucose,Metabolism & Hormones
PGS002943,Glucose,Metabolism & Hormones
PGS002944,Glucose,Metabolism & Hormones
PGS002945,Glucose,Metabolism & Hormones
PGS002946,Glucose,Metabolism & Hormones
PGS002947,Glucose,Metabolism & Hormones
PGS002948,Glucose,Metabolism & Hormones
PGS002949,Glucose,Metabolism & Hormones
PGS002950,Glucose,Metabolism & Hormones
PGS002951,Glucose,Metabolism & Hormones
PGS002952,Glucose,Metabolism & Hormones
PGS002953,Glucose,Metabolism & Hormones
PGS000684,Glucose [mmol/L],Metabolism & Hormones
PGS002812,Gluteofemoral adipose tissue volumes adjusted for BMI and height,Metabolism & Hormones
PGS001953,Glycated haemoglobin (HbA1c),Metabolism & Hormones
PGS002171,Glycated haemoglobin (HbA1c),Metabolism & Hormones
PGS003533,Glycated haemoglobin (HbA1c),Metabolism & Hormones
PGS001352,Glycated haemoglobin levels (HbA1c),Metabolism & Hormones
PGS004337,Glycated haemoglobin (mmol/mol),Metabolism & Hormones
PGS019796,Glycated hemoglobin,Metabolism & Hormones
PGS019820,Glycated hemoglobin,Metabolism & Hormones
PGS019844,Glycated hemoglobin,Metabolism & Hormones
PGS019868,Glycated hemoglobin,Metabolism & Hormones
PGS019892,Glycated hemoglobin,Metabolism & Hormones
PGS019912,Glycated hemoglobin,Metabolism & Hormones
PGS001192,Gonarthrosis [arthrosis of knee] (time-to-event),"Bone, Joint & Muscle Health"
PGS000199,Gout,Metabolism & Hormones
PGS000711,Gout,Metabolism & Hormones
PGS001248,Gout,Metabolism & Hormones
PGS001789,Gout,Metabolism & Hormones
PGS001822,Gout,Metabolism & Hormones
PGS002030,Gout,Metabolism & Hormones
PGS002307,Gout,Metabolism & Hormones
PGS002762,Gout,Metabolism & Hormones
PGS003329,Gout,Metabolism & Hormones
PGS003990,Gout,Metabolism & Hormones
PGS004006,Gout,Metabolism & Hormones
PGS004018,Gout,Metabolism & Hormones
PGS004032,Gout,Metabolism & Hormones
PGS004047,Gout,Metabolism & Hormones
PGS004060,Gout,Metabolism & Hormones
PGS004076,Gout,Metabolism & Hormones
PGS004090,Gout,Metabolism & Hormones
PGS004114,Gout,Metabolism & Hormones
PGS004130,Gout,Metabolism & Hormones
PGS004144,Gout,Metabolism & Hormones
PGS004160,Gout,Metabolism & Hormones
PGS004222,Gout,Metabolism & Hormones
PGS004265,Gout,Metabolism & Hormones
PGS004266,Gout,Metabolism & Hormones
PGS004267,Gout,Metabolism & Hormones
PGS004268,Gout,Metabolism & Hormones
PGS004269,Gout,Metabolism & Hormones
PGS004767,Gout,Metabolism & Hormones
PGS004768,Gout,Metabolism & Hormones
PGS004871,Gout,Metabolism & Hormones
PGS004931,Gout,Metabolism & Hormones
PGS018822,Gout,Metabolism & Hormones
PGS018823,Gout,Metabolism & Hormones
PGS018824,Gout,Metabolism & Hormones
PGS018825,Gout,Metabolism & Hormones
PGS018826,Gout,Metabolism & Hormones
PGS018827,Gout,Metabolism & Hormones
PGS018816,Gout and other crystal arthropathies,Metabolism & Hormones
PGS018817,Gout and other crystal arthropathies,Metabolism & Hormones
PGS018818,Gout and other crystal arthropathies,Metabolism & Hormones
PGS018819,Gout and other crystal arthropathies,Metabolism & Hormones
PGS018820,Gout and other crystal arthropathies,Metabolism & Hormones
PGS018821,Gout and other crystal arthropathies,Metabolism & Hormones
PGS001249,Gout (time-to-event),Metabolism & Hormones
PGS018828,Gouty arthropathy,Metabolism & Hormones
PGS018829,Gouty arthropathy,Metabolism & Hormones
PGS018830,Gouty arthropathy,Metabolism & Hormones
PGS018831,Gouty arthropathy,Metabolism & Hormones
PGS018832,Gouty arthropathy,Metabolism & Hormones
PGS018833,Gouty arthropathy,Metabolism & Hormones
PGS018671,Graves disease,Metabolism & Hormones
PGS018672,Graves disease,Metabolism & Hormones
PGS018673,Graves disease,Metabolism & Hormones
PGS018674,Graves disease,Metabolism & Hormones
PGS018675,Graves disease,Metabolism & Hormones
PGS018676,Graves disease,Metabolism & Hormones
PGS005264,Graves' disease,Metabolism & Hormones
PGS005265,Graves' disease,Metabolism & Hormones
PGS005266,Graves' disease,Metabolism & Hormones
PGS004454,H26 (Other cataract),Eye Health
PGS004524,H26 (Other cataract),Eye Health
PGS001925,Haematocrit percentage,Blood & Biomarkers
PGS002141,Haematocrit percentage,Blood & Biomarkers
PGS003511,Haematocrit percentage,Blood & Biomarkers
PGS004348,Haematocrit percentage,Blood & Biomarkers
PGS001400,Haemoglobin concentration,Blood & Biomarkers
PGS001926,Haemoglobin concentration,Blood & Biomarkers
PGS002142,Haemoglobin concentration,Blood & Biomarkers
PGS003512,Haemoglobin concentration,Blood & Biomarkers
PGS004347,Haemoglobin concentration,Blood & Biomarkers
PGS001259,Hayfever/allergic rhinitis,Immune & Autoimmune
PGS000127,HbA1c,Metabolism & Hormones
PGS000128,HbA1c,Metabolism & Hormones
PGS000129,HbA1c,Metabolism & Hormones
PGS000130,HbA1c,Metabolism & Hormones
PGS000131,HbA1c,Metabolism & Hormones
PGS000132,HbA1c,Metabolism & Hormones
PGS000304,HbA1c,Metabolism & Hormones
PGS002331,HbA1c,Metabolism & Hormones
PGS002367,HbA1c,Metabolism & Hormones
PGS002403,HbA1c,Metabolism & Hormones
PGS002452,HbA1c,Metabolism & Hormones
PGS002501,HbA1c,Metabolism & Hormones
PGS002550,HbA1c,Metabolism & Hormones
PGS002599,HbA1c,Metabolism & Hormones
PGS002648,HbA1c,Metabolism & Hormones
PGS002697,HbA1c,Metabolism & Hormones
PGS003337,HbA1c,Metabolism & Hormones
PGS003346,HbA1c,Metabolism & Hormones
PGS003471,HbA1c,Metabolism & Hormones
PGS003987,HbA1c,Metabolism & Hormones
PGS004003,HbA1c,Metabolism & Hormones
PGS004029,HbA1c,Metabolism & Hormones
PGS004044,HbA1c,Metabolism & Hormones
PGS004057,HbA1c,Metabolism & Hormones
PGS004073,HbA1c,Metabolism & Hormones
PGS004087,HbA1c,Metabolism & Hormones
PGS004111,HbA1c,Metabolism & Hormones
PGS004127,HbA1c,Metabolism & Hormones
PGS004141,HbA1c,Metabolism & Hormones
PGS004157,HbA1c,Metabolism & Hormones
PGS004701,HbA1c,Metabolism & Hormones
PGS004702,HbA1c,Metabolism & Hormones
PGS004703,HbA1c,Metabolism & Hormones
PGS004704,HbA1c,Metabolism & Hormones
PGS000685,HbA1c [mmol/mol],Metabolism & Hormones
PGS000060,HDL cholesterol,Cardiovascular & Cholesterol
PGS000064,HDL cholesterol,Cardiovascular & Cholesterol
PGS000309,HDL cholesterol,Cardiovascular & Cholesterol
PGS000660,HDL cholesterol,Cardiovascular & Cholesterol
PGS000825,HDL cholesterol,Cardiovascular & Cholesterol
PGS000845,HDL cholesterol,Cardiovascular & Cholesterol
PGS001954,HDL cholesterol,Cardiovascular & Cholesterol
PGS002172,HDL cholesterol,Cardiovascular & Cholesterol
PGS002284,HDL cholesterol,Cardiovascular & Cholesterol
PGS002329,HDL cholesterol,Cardiovascular & Cholesterol
PGS002366,HDL cholesterol,Cardiovascular & Cholesterol
PGS002401,HDL cholesterol,Cardiovascular & Cholesterol
PGS002450,HDL cholesterol,Cardiovascular & Cholesterol
PGS002499,HDL cholesterol,Cardiovascular & Cholesterol
PGS002548,HDL cholesterol,Cardiovascular & Cholesterol
PGS002597,HDL cholesterol,Cardiovascular & Cholesterol
PGS002646,HDL cholesterol,Cardiovascular & Cholesterol
PGS002695,HDL cholesterol,Cardiovascular & Cholesterol
PGS002781,HDL cholesterol,Cardiovascular & Cholesterol
PGS002954,HDL cholesterol,Cardiovascular & Cholesterol
PGS002955,HDL cholesterol,Cardiovascular & Cholesterol
PGS002956,HDL cholesterol,Cardiovascular & Cholesterol
PGS002957,HDL cholesterol,Cardiovascular & Cholesterol
PGS002958,HDL cholesterol,Cardiovascular & Cholesterol
PGS002959,HDL cholesterol,Cardiovascular & Cholesterol
PGS002960,HDL cholesterol,Cardiovascular & Cholesterol
PGS002961,HDL cholesterol,Cardiovascular & Cholesterol
PGS002962,HDL cholesterol,Cardiovascular & Cholesterol
PGS002963,HDL cholesterol,Cardiovascular & Cholesterol
PGS003338,HDL cholesterol,Cardiovascular & Cholesterol
PGS003347,HDL cholesterol,Cardiovascular & Cholesterol
PGS003534,HDL cholesterol,Cardiovascular & Cholesterol
PGS003767,HDL cholesterol,Cardiovascular & Cholesterol
PGS003768,HDL cholesterol,Cardiovascular & Cholesterol
PGS003769,HDL cholesterol,Cardiovascular & Cholesterol
PGS003770,HDL cholesterol,Cardiovascular & Cholesterol
PGS003771,HDL cholesterol,Cardiovascular & Cholesterol
PGS003772,HDL cholesterol,Cardiovascular & Cholesterol
PGS003773,HDL cholesterol,Cardiovascular & Cholesterol
PGS003774,HDL cholesterol,Cardiovascular & Cholesterol
PGS003775,HDL cholesterol,Cardiovascular & Cholesterol
PGS003776,HDL cholesterol,Cardiovascular & Cholesterol
PGS003777,HDL cholesterol,Cardiovascular & Cholesterol
PGS003778,HDL cholesterol,Cardiovascular & Cholesterol
PGS003779,HDL cholesterol,Cardiovascular & Cholesterol
PGS003780,HDL cholesterol,Cardiovascular & Cholesterol
PGS003781,HDL cholesterol,Cardiovascular & Cholesterol
PGS003782,HDL cholesterol,Cardiovascular & Cholesterol
PGS003783,HDL cholesterol,Cardiovascular & Cholesterol
PGS003856,HDL cholesterol,Cardiovascular & Cholesterol
PGS003875,HDL cholesterol,Cardiovascular & Cholesterol
PGS003876,HDL cholesterol,Cardiovascular & Cholesterol
PGS003877,HDL cholesterol,Cardiovascular & Cholesterol
PGS003878,HDL cholesterol,Cardiovascular & Cholesterol
PGS003879,HDL cholesterol,Cardiovascular & Cholesterol
PGS003880,HDL cholesterol,Cardiovascular & Cholesterol
PGS003986,HDL cholesterol,Cardiovascular & Cholesterol
PGS004002,HDL cholesterol,Cardiovascular & Cholesterol
PGS004028,HDL cholesterol,Cardiovascular & Cholesterol
PGS004043,HDL cholesterol,Cardiovascular & Cholesterol
PGS004056,HDL cholesterol,Cardiovascular & Cholesterol
PGS004072,HDL cholesterol,Cardiovascular & Cholesterol
PGS004086,HDL cholesterol,Cardiovascular & Cholesterol
PGS004100,HDL cholesterol,Cardiovascular & Cholesterol
PGS004110,HDL cholesterol,Cardiovascular & Cholesterol
PGS004126,HDL cholesterol,Cardiovascular & Cholesterol
PGS004140,HDL cholesterol,Cardiovascular & Cholesterol
PGS004156,HDL cholesterol,Cardiovascular & Cholesterol
PGS004622,HDL cholesterol,Cardiovascular & Cholesterol
PGS004623,HDL cholesterol,Cardiovascular & Cholesterol
PGS004624,HDL cholesterol,Cardiovascular & Cholesterol
PGS004625,HDL cholesterol,Cardiovascular & Cholesterol
PGS004626,HDL cholesterol,Cardiovascular & Cholesterol
PGS004627,HDL cholesterol,Cardiovascular & Cholesterol
PGS004628,HDL cholesterol,Cardiovascular & Cholesterol
PGS004629,HDL cholesterol,Cardiovascular & Cholesterol
PGS004630,HDL cholesterol,Cardiovascular & Cholesterol
PGS004631,HDL cholesterol,Cardiovascular & Cholesterol
PGS004632,HDL cholesterol,Cardiovascular & Cholesterol
PGS004633,HDL cholesterol,Cardiovascular & Cholesterol
PGS004634,HDL cholesterol,Cardiovascular & Cholesterol
PGS004635,HDL cholesterol,Cardiovascular & Cholesterol
PGS004636,HDL cholesterol,Cardiovascular & Cholesterol
PGS004775,HDL cholesterol,Cardiovascular & Cholesterol
PGS004776,HDL cholesterol,Cardiovascular & Cholesterol
PGS004777,HDL cholesterol,Cardiovascular & Cholesterol
PGS004778,HDL cholesterol,Cardiovascular & Cholesterol
PGS004914,HDL cholesterol,Cardiovascular & Cholesterol
PGS004932,HDL cholesterol,Cardiovascular & Cholesterol
PGS012516,HDL cholesterol,Cardiovascular & Cholesterol
PGS012524,HDL cholesterol,Cardiovascular & Cholesterol
PGS019798,HDL cholesterol,Cardiovascular & Cholesterol
PGS019822,HDL cholesterol,Cardiovascular & Cholesterol
PGS019846,HDL cholesterol,Cardiovascular & Cholesterol
PGS019870,HDL cholesterol,Cardiovascular & Cholesterol
PGS019894,HDL cholesterol,Cardiovascular & Cholesterol
PGS000686,HDL cholesterol [mmol/L],Cardiovascular & Cholesterol
PGS001928,Headaches for 3+ months,Brain & Mental Health
PGS002145,Headaches for 3+ months,Brain & Mental Health
PGS003390,Head and neck squamous cell carcinoma,Cancer
PGS012586,Head and neck squamous cell carcinoma,Cancer
PGS000763,Hearing aid use,Hearing & Ear Health
PGS000762,Hearing difficulty,Hearing & Ear Health
PGS001253,Hearing difficulty,Hearing & Ear Health
PGS001252,Hearing difficulty and deafness,Hearing & Ear Health
PGS001891,Hearing difficulty/problems,Hearing & Ear Health
PGS002104,Hearing difficulty/problems,Hearing & Ear Health
PGS019111,Hearing loss,Hearing & Ear Health
PGS019112,Hearing loss,Hearing & Ear Health
PGS019113,Hearing loss,Hearing & Ear Health
PGS019114,Hearing loss,Hearing & Ear Health
PGS019115,Hearing loss,Hearing & Ear Health
PGS000709,Heart failure,Cardiovascular & Cholesterol
PGS001790,Heart failure,Cardiovascular & Cholesterol
PGS003969,Heart failure,Cardiovascular & Cholesterol
PGS004598,Heart failure,Cardiovascular & Cholesterol
PGS005097,Heart failure,Cardiovascular & Cholesterol
PGS005285,Heart failure,Cardiovascular & Cholesterol
PGS005299,Heart failure,Cardiovascular & Cholesterol
PGS005300,Heart failure,Cardiovascular & Cholesterol
PGS005301,Heart failure,Cardiovascular & Cholesterol
PGS005302,Heart failure,Cardiovascular & Cholesterol
PGS005303,Heart failure,Cardiovascular & Cholesterol
PGS005304,Heart failure,Cardiovascular & Cholesterol
PGS005305,Heart failure,Cardiovascular & Cholesterol
PGS005306,Heart failure,Cardiovascular & Cholesterol
PGS005319,Heart failure,Cardiovascular & Cholesterol
PGS012544,Heart failure,Cardiovascular & Cholesterol
PGS012552,Heart failure,Cardiovascular & Cholesterol
PGS018409,Heart failure,Cardiovascular & Cholesterol
PGS000300,Heart rate,Cardiovascular & Cholesterol
PGS003472,Heart rate,Cardiovascular & Cholesterol
PGS019800,Heart rate,Cardiovascular & Cholesterol
PGS019824,Heart rate,Cardiovascular & Cholesterol
PGS019848,Heart rate,Cardiovascular & Cholesterol
PGS019872,Heart rate,Cardiovascular & Cholesterol
PGS019896,Heart rate,Cardiovascular & Cholesterol
PGS001233,Heart rate (AR),Cardiovascular & Cholesterol
PGS001402,Heel bone mineral density (BMD),"Bone, Joint & Muscle Health"
PGS001955,Heel bone mineral density (BMD),"Bone, Joint & Muscle Health"
PGS002173,Heel bone mineral density (BMD),"Bone, Joint & Muscle Health"
PGS003535,Heel bone mineral density (BMD),"Bone, Joint & Muscle Health"
PGS004415,Heel bone mineral density (BMD),"Bone, Joint & Muscle Health"
PGS001403,Heel bone mineral density (BMD) (L),"Bone, Joint & Muscle Health"
PGS004419,Heel bone mineral density (BMD) (left),"Bone, Joint & Muscle Health"
PGS001404,Heel bone mineral density (BMD) (R),"Bone, Joint & Muscle Health"
PGS004424,Heel bone mineral density (BMD) (right),"Bone, Joint & Muscle Health"
PGS001037,"Heel bone mineral density (BMD) T-score, automated","Bone, Joint & Muscle Health"
PGS004411,"Heel bone mineral density (BMD) T-score, automated","Bone, Joint & Muscle Health"
PGS004420,"Heel bone mineral density (BMD) T-score, automated (left)","Bone, Joint & Muscle Health"
PGS004425,"Heel bone mineral density (BMD) T-score, automated (right)","Bone, Joint & Muscle Health"
PGS000951,"Heel Broadband ultrasound attenuation, direct entry","Bone, Joint & Muscle Health"
PGS001956,"Heel Broadband ultrasound attenuation, direct entry","Bone, Joint & Muscle Health"
PGS002174,"Heel Broadband ultrasound attenuation, direct entry","Bone, Joint & Muscle Health"
PGS003536,"Heel Broadband ultrasound attenuation, direct entry","Bone, Joint & Muscle Health"
PGS004413,"Heel Broadband ultrasound attenuation, direct entry","Bone, Joint & Muscle Health"
PGS000657,Heel quantitative ultrasound speed of sound (SOS),"Bone, Joint & Muscle Health"
PGS018640,Hemangioma and lymphangioma any site,Other Health Conditions
PGS018641,Hemangioma and lymphangioma any site,Other Health Conditions
PGS018642,Hemangioma and lymphangioma any site,Other Health Conditions
PGS018643,Hemangioma and lymphangioma any site,Other Health Conditions
PGS018644,Hemangioma and lymphangioma any site,Other Health Conditions
PGS000092,Hematocrit,Blood & Biomarkers
PGS000167,Hematocrit,Blood & Biomarkers
PGS003467,Hematocrit,Blood & Biomarkers
PGS004771,Hematocrit,Blood & Biomarkers
PGS004772,Hematocrit,Blood & Biomarkers
PGS004773,Hematocrit,Blood & Biomarkers
PGS004774,Hematocrit,Blood & Biomarkers
PGS019797,Hematocrit,Blood & Biomarkers
PGS019821,Hematocrit,Blood & Biomarkers
PGS019845,Hematocrit,Blood & Biomarkers
PGS019869,Hematocrit,Blood & Biomarkers
PGS019893,Hematocrit,Blood & Biomarkers
PGS003927,Hematocrit percentage,Blood & Biomarkers
PGS005177,Hematocrit variance,Blood & Biomarkers
PGS001136,"Hematologic disease, genetic",Blood & Biomarkers
PGS003425,Hemoglobin,Blood & Biomarkers
PGS003468,Hemoglobin,Blood & Biomarkers
PGS004769,Hemoglobin,Blood & Biomarkers
PGS004770,Hemoglobin,Blood & Biomarkers
PGS004956,Hemoglobin,Blood & Biomarkers
PGS004957,Hemoglobin,Blood & Biomarkers
PGS004958,Hemoglobin,Blood & Biomarkers
PGS004959,Hemoglobin,Blood & Biomarkers
PGS004960,Hemoglobin,Blood & Biomarkers
PGS004961,Hemoglobin,Blood & Biomarkers
PGS004962,Hemoglobin,Blood & Biomarkers
PGS004963,Hemoglobin,Blood & Biomarkers
PGS004964,Hemoglobin,Blood & Biomarkers
PGS004965,Hemoglobin,Blood & Biomarkers
PGS004966,Hemoglobin,Blood & Biomarkers
PGS004967,Hemoglobin,Blood & Biomarkers
PGS004968,Hemoglobin,Blood & Biomarkers
PGS019795,Hemoglobin,Blood & Biomarkers
PGS019819,Hemoglobin,Blood & Biomarkers
PGS019843,Hemoglobin,Blood & Biomarkers
PGS019867,Hemoglobin,Blood & Biomarkers
PGS019891,Hemoglobin,Blood & Biomarkers
PGS000093,Hemoglobin concentration,Blood & Biomarkers
PGS000168,Hemoglobin concentration,Blood & Biomarkers
PGS003926,Hemoglobin concentration,Blood & Biomarkers
PGS005178,Hemoglobin concentration variance,Blood & Biomarkers
PGS001024,Hemorrhoid,Digestive & Liver Health
PGS004933,Hemorrhoid,Digestive & Liver Health
PGS001846,Hemorrhoids,Digestive & Liver Health
PGS002058,Hemorrhoids,Digestive & Liver Health
PGS018435,Hepatitis NOS,Digestive & Liver Health
PGS018436,Hepatitis NOS,Digestive & Liver Health
PGS018437,Hepatitis NOS,Digestive & Liver Health
PGS018438,Hepatitis NOS,Digestive & Liver Health
PGS018439,Hepatitis NOS,Digestive & Liver Health
PGS018881,Hereditary hemolytic anemias,Blood & Biomarkers
PGS018882,Hereditary hemolytic anemias,Blood & Biomarkers
PGS018883,Hereditary hemolytic anemias,Blood & Biomarkers
PGS018884,Hereditary hemolytic anemias,Blood & Biomarkers
PGS018885,Hereditary hemolytic anemias,Blood & Biomarkers
PGS000939,Hiatus hernia,Digestive & Liver Health
PGS000936,High cholesterol,Cardiovascular & Cholesterol
PGS002334,High cholesterol,Cardiovascular & Cholesterol
PGS002406,High cholesterol,Cardiovascular & Cholesterol
PGS002455,High cholesterol,Cardiovascular & Cholesterol
PGS002504,High cholesterol,Cardiovascular & Cholesterol
PGS002553,High cholesterol,Cardiovascular & Cholesterol
PGS002602,High cholesterol,Cardiovascular & Cholesterol
PGS002651,High cholesterol,Cardiovascular & Cholesterol
PGS002700,High cholesterol,Cardiovascular & Cholesterol
PGS000352,High grade serous ovarian cancer,Cancer
PGS002728,Hip osteoarthritis,"Bone, Joint & Muscle Health"
PGS002763,Hip osteoarthritis,"Bone, Joint & Muscle Health"
PGS004882,Hip osteoarthritis,"Bone, Joint & Muscle Health"
PGS018417,Hip osteoarthritis,"Bone, Joint & Muscle Health"
PGS003449,Hodgkin lymphoma,Cancer
PGS000637,Hodgkin's disease,Cancer
PGS000638,Hodgkin's disease,Cancer
PGS000639,Hodgkin's disease,Cancer
PGS000640,Hodgkin's disease,Cancer
PGS005392,HOMA2-IR,Metabolism & Hormones
PGS003470,HOMA-IR,Metabolism & Hormones
PGS019491,Hydronephrosis,Kidney & Urinary Health
PGS019492,Hydronephrosis,Kidney & Urinary Health
PGS019493,Hydronephrosis,Kidney & Urinary Health
PGS019494,Hydronephrosis,Kidney & Urinary Health
PGS019495,Hydronephrosis,Kidney & Urinary Health
PGS019496,Hydronephrosis,Kidney & Urinary Health
PGS018410,Hypercholesterolaemia (high cholesterol),Cardiovascular & Cholesterol
PGS002764,Hypercholesterolemia,Cardiovascular & Cholesterol
PGS004783,Hypercholesterolemia,Cardiovascular & Cholesterol
PGS004784,Hypercholesterolemia,Cardiovascular & Cholesterol
PGS018801,Hypercholesterolemia,Cardiovascular & Cholesterol
PGS018802,Hypercholesterolemia,Cardiovascular & Cholesterol
PGS018803,Hypercholesterolemia,Cardiovascular & Cholesterol
PGS018804,Hypercholesterolemia,Cardiovascular & Cholesterol
PGS018805,Hypercholesterolemia,Cardiovascular & Cholesterol
PGS018806,Hyperglyceridemia,Cardiovascular & Cholesterol
PGS018807,Hyperglyceridemia,Cardiovascular & Cholesterol
PGS018808,Hyperglyceridemia,Cardiovascular & Cholesterol
PGS018809,Hyperglyceridemia,Cardiovascular & Cholesterol
PGS018810,Hyperglyceridemia,Cardiovascular & Cholesterol
PGS018791,Hyperlipidemia,Cardiovascular & Cholesterol
PGS018792,Hyperlipidemia,Cardiovascular & Cholesterol
PGS018793,Hyperlipidemia,Cardiovascular & Cholesterol
PGS018794,Hyperlipidemia,Cardiovascular & Cholesterol
PGS018795,Hyperlipidemia,Cardiovascular & Cholesterol
PGS001865,Hyperplasia of prostate,Kidney & Urinary Health
PGS002076,Hyperplasia of prostate,Kidney & Urinary Health
PGS019522,Hyperplasia of prostate,Kidney & Urinary Health
PGS019523,Hyperplasia of prostate,Kidney & Urinary Health
PGS019524,Hyperplasia of prostate,Kidney & Urinary Health
PGS019525,Hyperplasia of prostate,Kidney & Urinary Health
PGS019526,Hyperplasia of prostate,Kidney & Urinary Health
PGS001338,Hyperplasia of prostate (time-to-event),Kidney & Urinary Health
PGS000706,Hypertension,Cardiovascular & Cholesterol
PGS001320,Hypertension,Cardiovascular & Cholesterol
PGS001838,Hypertension,Cardiovascular & Cholesterol
PGS002047,Hypertension,Cardiovascular & Cholesterol
PGS002296,Hypertension,Cardiovascular & Cholesterol
PGS002335,Hypertension,Cardiovascular & Cholesterol
PGS002407,Hypertension,Cardiovascular & Cholesterol
PGS002456,Hypertension,Cardiovascular & Cholesterol
PGS002505,Hypertension,Cardiovascular & Cholesterol
PGS002554,Hypertension,Cardiovascular & Cholesterol
PGS002603,Hypertension,Cardiovascular & Cholesterol
PGS002652,Hypertension,Cardiovascular & Cholesterol
PGS002701,Hypertension,Cardiovascular & Cholesterol
PGS002765,Hypertension,Cardiovascular & Cholesterol
PGS002994,Hypertension,Cardiovascular & Cholesterol
PGS002995,Hypertension,Cardiovascular & Cholesterol
PGS002996,Hypertension,Cardiovascular & Cholesterol
PGS002997,Hypertension,Cardiovascular & Cholesterol
PGS002998,Hypertension,Cardiovascular & Cholesterol
PGS002999,Hypertension,Cardiovascular & Cholesterol
PGS003000,Hypertension,Cardiovascular & Cholesterol
PGS003001,Hypertension,Cardiovascular & Cholesterol
PGS003002,Hypertension,Cardiovascular & Cholesterol
PGS003003,Hypertension,Cardiovascular & Cholesterol
PGS003004,Hypertension,Cardiovascular & Cholesterol
PGS003005,Hypertension,Cardiovascular & Cholesterol
PGS003006,Hypertension,Cardiovascular & Cholesterol
PGS003007,Hypertension,Cardiovascular & Cholesterol
PGS003008,Hypertension,Cardiovascular & Cholesterol
PGS003009,Hypertension,Cardiovascular & Cholesterol
PGS003010,Hypertension,Cardiovascular & Cholesterol
PGS003011,Hypertension,Cardiovascular & Cholesterol
PGS003012,Hypertension,Cardiovascular & Cholesterol
PGS003013,Hypertension,Cardiovascular & Cholesterol
PGS003014,Hypertension,Cardiovascular & Cholesterol
PGS003015,Hypertension,Cardiovascular & Cholesterol
PGS003016,Hypertension,Cardiovascular & Cholesterol
PGS003017,Hypertension,Cardiovascular & Cholesterol
PGS003018,Hypertension,Cardiovascular & Cholesterol
PGS003019,Hypertension,Cardiovascular & Cholesterol
PGS003020,Hypertension,Cardiovascular & Cholesterol
PGS003021,Hypertension,Cardiovascular & Cholesterol
PGS003022,Hypertension,Cardiovascular & Cholesterol
PGS003023,Hypertension,Cardiovascular & Cholesterol
PGS003024,Hypertension,Cardiovascular & Cholesterol
PGS003025,Hypertension,Cardiovascular & Cholesterol
PGS003026,Hypertension,Cardiovascular & Cholesterol
PGS003027,Hypertension,Cardiovascular & Cholesterol
PGS003028,Hypertension,Cardiovascular & Cholesterol
PGS004191,Hypertension,Cardiovascular & Cholesterol
PGS004192,Hypertension,Cardiovascular & Cholesterol
PGS004193,Hypertension,Cardiovascular & Cholesterol
PGS004194,Hypertension,Cardiovascular & Cholesterol
PGS004195,Hypertension,Cardiovascular & Cholesterol
PGS004234,Hypertension,Cardiovascular & Cholesterol
PGS004236,Hypertension,Cardiovascular & Cholesterol
PGS004455,Hypertension,Cardiovascular & Cholesterol
PGS004525,Hypertension,Cardiovascular & Cholesterol
PGS004785,Hypertension,Cardiovascular & Cholesterol
PGS004786,Hypertension,Cardiovascular & Cholesterol
PGS004787,Hypertension,Cardiovascular & Cholesterol
PGS004788,Hypertension,Cardiovascular & Cholesterol
PGS004934,Hypertension,Cardiovascular & Cholesterol
PGS005144,Hypertension,Cardiovascular & Cholesterol
PGS005153,Hypertension,Cardiovascular & Cholesterol
PGS018411,Hypertension,Cardiovascular & Cholesterol
PGS019126,Hypertension,Cardiovascular & Cholesterol
PGS019127,Hypertension,Cardiovascular & Cholesterol
PGS019128,Hypertension,Cardiovascular & Cholesterol
PGS019129,Hypertension,Cardiovascular & Cholesterol
PGS019130,Hypertension,Cardiovascular & Cholesterol
PGS019131,Hypertension,Cardiovascular & Cholesterol
PGS019138,Hypertensive heart and or renal disease,Cardiovascular & Cholesterol
PGS019139,Hypertensive heart and or renal disease,Cardiovascular & Cholesterol
PGS019140,Hypertensive heart and or renal disease,Cardiovascular & Cholesterol
PGS019141,Hypertensive heart and or renal disease,Cardiovascular & Cholesterol
PGS019142,Hypertensive heart and or renal disease,Cardiovascular & Cholesterol
PGS019143,Hypertensive heart and or renal disease,Cardiovascular & Cholesterol
PGS019149,Hypertensive heart disease,Cardiovascular & Cholesterol
PGS019150,Hypertensive heart disease,Cardiovascular & Cholesterol
PGS019151,Hypertensive heart disease,Cardiovascular & Cholesterol
PGS019152,Hypertensive heart disease,Cardiovascular & Cholesterol
PGS019153,Hypertensive heart disease,Cardiovascular & Cholesterol
PGS019154,Hypertensive heart disease,Cardiovascular & Cholesterol
PGS001043,"Hyperthyroidism, thyrotoxicosis",Metabolism & Hormones
PGS000739,Hypertrophic cardiomyopathy,Cardiovascular & Cholesterol
PGS004910,Hypertrophic cardiomyopathy,Cardiovascular & Cholesterol
PGS004911,Hypertrophic cardiomyopathy (MTAG),Cardiovascular & Cholesterol
PGS000759,Hypothyroidism,Metabolism & Hormones
PGS000761,Hypothyroidism,Metabolism & Hormones
PGS001816,Hypothyroidism,Metabolism & Hormones
PGS002024,Hypothyroidism,Metabolism & Hormones
PGS002336,Hypothyroidism,Metabolism & Hormones
PGS002408,Hypothyroidism,Metabolism & Hormones
PGS002457,Hypothyroidism,Metabolism & Hormones
PGS002506,Hypothyroidism,Metabolism & Hormones
PGS002555,Hypothyroidism,Metabolism & Hormones
PGS002604,Hypothyroidism,Metabolism & Hormones
PGS002653,Hypothyroidism,Metabolism & Hormones
PGS002702,Hypothyroidism,Metabolism & Hormones
PGS002766,Hypothyroidism,Metabolism & Hormones
PGS004789,Hypothyroidism,Metabolism & Hormones
PGS004790,Hypothyroidism,Metabolism & Hormones
PGS004935,Hypothyroidism,Metabolism & Hormones
PGS005218,Hypothyroidism,Metabolism & Hormones
PGS005267,Hypothyroidism,Metabolism & Hormones
PGS005268,Hypothyroidism,Metabolism & Hormones
PGS005269,Hypothyroidism,Metabolism & Hormones
PGS018677,Hypothyroidism,Metabolism & Hormones
PGS018678,Hypothyroidism,Metabolism & Hormones
PGS018679,Hypothyroidism,Metabolism & Hormones
PGS018680,Hypothyroidism,Metabolism & Hormones
PGS018681,Hypothyroidism,Metabolism & Hormones
PGS018682,Hypothyroidism,Metabolism & Hormones
PGS000965,Hypothyroidism/myxoedema,Metabolism & Hormones
PGS018683,Hypothyroidism NOS,Metabolism & Hormones
PGS018684,Hypothyroidism NOS,Metabolism & Hormones
PGS018685,Hypothyroidism NOS,Metabolism & Hormones
PGS018686,Hypothyroidism NOS,Metabolism & Hormones
PGS018687,Hypothyroidism NOS,Metabolism & Hormones
PGS018688,Hypothyroidism NOS,Metabolism & Hormones
PGS000820,Hypothyroidism (self-reported),Metabolism & Hormones
PGS004456,I10 (Essential (primary) hypertension),Cardiovascular & Cholesterol
PGS004526,I10 (Essential (primary) hypertension),Cardiovascular & Cholesterol
PGS004457,I20 (Angina pectoris),Cardiovascular & Cholesterol
PGS004527,I20 (Angina pectoris),Cardiovascular & Cholesterol
PGS004458,I21 (Acute myocardial infarction),Cardiovascular & Cholesterol
PGS004528,I21 (Acute myocardial infarction),Cardiovascular & Cholesterol
PGS004459,I25 (Chronic ischemic heart disease),Cardiovascular & Cholesterol
PGS004529,I25 (Chronic ischemic heart disease),Cardiovascular & Cholesterol
PGS004460,I26 (Pulmonary embolism),Cardiovascular & Cholesterol
PGS004530,I26 (Pulmonary embolism),Cardiovascular & Cholesterol
PGS004461,I48 (Atrial fibrillation and flutter),Cardiovascular & Cholesterol
PGS004531,I48 (Atrial fibrillation and flutter),Cardiovascular & Cholesterol
PGS004462,I50 (Heart failure),Cardiovascular & Cholesterol
PGS004532,I50 (Heart failure),Cardiovascular & Cholesterol
PGS004464,I84 (Hemorrhoids),Digestive & Liver Health
PGS004534,I84 (Hemorrhoids),Digestive & Liver Health
PGS005282,IgA nephropathy,Kidney & Urinary Health
PGS005283,IgA nephropathy,Kidney & Urinary Health
PGS005284,IgA nephropathy,Kidney & Urinary Health
PGS018776,Impaired fasting glucose,Metabolism & Hormones
PGS018777,Impaired fasting glucose,Metabolism & Hormones
PGS018778,Impaired fasting glucose,Metabolism & Hormones
PGS018779,Impaired fasting glucose,Metabolism & Hormones
PGS018780,Impaired fasting glucose,Metabolism & Hormones
PGS002773,Incident atrial fibrillation,Cardiovascular & Cholesterol
PGS002774,Incident atrial fibrillation,Cardiovascular & Cholesterol
PGS002775,Incident coronary artery disease,Cardiovascular & Cholesterol
PGS002776,Incident coronary artery disease,Cardiovascular & Cholesterol
PGS002777,Incident hypertension,Cardiovascular & Cholesterol
PGS002778,Incident hypertension,Cardiovascular & Cholesterol
PGS002779,Incident type 2 diabetes,Metabolism & Hormones
PGS002780,Incident type 2 diabetes,Metabolism & Hormones
PGS002045,Inflammation of the eye,Eye Health
PGS019001,Inflammatory and toxic neuropathy,Brain & Mental Health
PGS019002,Inflammatory and toxic neuropathy,Brain & Mental Health
PGS019003,Inflammatory and toxic neuropathy,Brain & Mental Health
PGS019004,Inflammatory and toxic neuropathy,Brain & Mental Health
PGS019005,Inflammatory and toxic neuropathy,Brain & Mental Health
PGS000017,Inflammatory bowel disease,Immune & Autoimmune
PGS001288,Inflammatory bowel disease,Immune & Autoimmune
PGS004270,Inflammatory bowel disease,Immune & Autoimmune
PGS004271,Inflammatory bowel disease,Immune & Autoimmune
PGS004272,Inflammatory bowel disease,Immune & Autoimmune
PGS004273,Inflammatory bowel disease,Immune & Autoimmune
PGS004274,Inflammatory bowel disease,Immune & Autoimmune
PGS003981,Inflammatory bowel disease (IBD),Immune & Autoimmune
PGS003997,Inflammatory bowel disease (IBD),Immune & Autoimmune
PGS004013,Inflammatory bowel disease (IBD),Immune & Autoimmune
PGS004023,Inflammatory bowel disease (IBD),Immune & Autoimmune
PGS004038,Inflammatory bowel disease (IBD),Immune & Autoimmune
PGS004051,Inflammatory bowel disease (IBD),Immune & Autoimmune
PGS004067,Inflammatory bowel disease (IBD),Immune & Autoimmune
PGS004081,Inflammatory bowel disease (IBD),Immune & Autoimmune
PGS004097,Inflammatory bowel disease (IBD),Immune & Autoimmune
PGS004105,Inflammatory bowel disease (IBD),Immune & Autoimmune
PGS004121,Inflammatory bowel disease (IBD),Immune & Autoimmune
PGS004135,Inflammatory bowel disease (IBD),Immune & Autoimmune
PGS004151,Inflammatory bowel disease (IBD),Immune & Autoimmune
PGS005251,INFLA-Score,Blood & Biomarkers
PGS000948,Inguinal hernia,Digestive & Liver Health
PGS001854,Inguinal hernia,Digestive & Liver Health
PGS002065,Inguinal hernia,Digestive & Liver Health
PGS019345,Inguinal hernia,Digestive & Liver Health
PGS019346,Inguinal hernia,Digestive & Liver Health
PGS019347,Inguinal hernia,Digestive & Liver Health
PGS019348,Inguinal hernia,Digestive & Liver Health
PGS019349,Inguinal hernia,Digestive & Liver Health
PGS000949,Inguinal hernia (time-to-event),Digestive & Liver Health
PGS000908,Insomnia,Brain & Mental Health
PGS003319,Insomnia,Brain & Mental Health
PGS003320,Insomnia,Brain & Mental Health
PGS003321,Insomnia,Brain & Mental Health
PGS003322,Insomnia,Brain & Mental Health
PGS003323,Insomnia,Brain & Mental Health
PGS003324,Insomnia,Brain & Mental Health
PGS003325,Insomnia,Brain & Mental Health
PGS003326,Insomnia,Brain & Mental Health
PGS003327,Insomnia,Brain & Mental Health
PGS003328,Insomnia,Brain & Mental Health
PGS003473,Insomnia,Brain & Mental Health
PGS003859,Insomnia,Brain & Mental Health
PGS019928,Insomnia,Brain & Mental Health
PGS019929,Insomnia,Brain & Mental Health
PGS019933,Insomnia,Brain & Mental Health
PGS001296,Insulin-dependent diabetes mellitus (time-to-event),Metabolism & Hormones
PGS002295,Insulin growth-like factor-1 level,Metabolism & Hormones
PGS000877,Insulin resistance,Metabolism & Hormones
PGS000871,Insulin secretion,Metabolism & Hormones
PGS000835,Insulin secretion rate,Metabolism & Hormones
PGS000837,Insulin sensitivity index,Metabolism & Hormones
PGS003457,Intracerebral hemorrhage,Cardiovascular & Cholesterol
PGS004943,Intracerebral hemorrhage,Cardiovascular & Cholesterol
PGS019220,Intracerebral hemorrhage,Cardiovascular & Cholesterol
PGS019221,Intracerebral hemorrhage,Cardiovascular & Cholesterol
PGS019222,Intracerebral hemorrhage,Cardiovascular & Cholesterol
PGS019223,Intracerebral hemorrhage,Cardiovascular & Cholesterol
PGS019224,Intracerebral hemorrhage,Cardiovascular & Cholesterol
PGS003406,Intracranial aneurysm,Cardiovascular & Cholesterol
PGS003407,Intracranial aneurysm,Cardiovascular & Cholesterol
PGS003408,Intracranial aneurysm,Cardiovascular & Cholesterol
PGS003409,Intracranial aneurysm,Cardiovascular & Cholesterol
PGS003410,Intracranial aneurysm,Cardiovascular & Cholesterol
PGS003411,Intracranial aneurysm,Cardiovascular & Cholesterol
PGS019215,Intracranial hemorrhage,Cardiovascular & Cholesterol
PGS019216,Intracranial hemorrhage,Cardiovascular & Cholesterol
PGS019217,Intracranial hemorrhage,Cardiovascular & Cholesterol
PGS019218,Intracranial hemorrhage,Cardiovascular & Cholesterol
PGS019219,Intracranial hemorrhage,Cardiovascular & Cholesterol
PGS000351,Invasive epithelial ovarian cancer,Cancer
PGS000966,Iritis,Eye Health
PGS018866,Iron deficiency anemias,Blood & Biomarkers
PGS018867,Iron deficiency anemias,Blood & Biomarkers
PGS018868,Iron deficiency anemias,Blood & Biomarkers
PGS018869,Iron deficiency anemias,Blood & Biomarkers
PGS018870,Iron deficiency anemias,Blood & Biomarkers
PGS018876,Iron deficiency anemia secondary to blood loss chronic,Blood & Biomarkers
PGS018877,Iron deficiency anemia secondary to blood loss chronic,Blood & Biomarkers
PGS018878,Iron deficiency anemia secondary to blood loss chronic,Blood & Biomarkers
PGS018879,Iron deficiency anemia secondary to blood loss chronic,Blood & Biomarkers
PGS018880,Iron deficiency anemia secondary to blood loss chronic,Blood & Biomarkers
PGS018871,Iron deficiency anemias unspecified or not due to blood loss,Blood & Biomarkers
PGS018872,Iron deficiency anemias unspecified or not due to blood loss,Blood & Biomarkers
PGS018873,Iron deficiency anemias unspecified or not due to blood loss,Blood & Biomarkers
PGS018874,Iron deficiency anemias unspecified or not due to blood loss,Blood & Biomarkers
PGS018875,Iron deficiency anemias unspecified or not due to blood loss,Blood & Biomarkers
PGS019567,Irregular menstrual cycle,Reproductive Health
PGS019568,Irregular menstrual cycle,Reproductive Health
PGS019569,Irregular menstrual cycle,Reproductive Health
PGS019570,Irregular menstrual cycle,Reproductive Health
PGS019571,Irregular menstrual cycle,Reproductive Health
PGS019155,Ischemic Heart Disease,Cardiovascular & Cholesterol
PGS019156,Ischemic Heart Disease,Cardiovascular & Cholesterol
PGS019157,Ischemic Heart Disease,Cardiovascular & Cholesterol
PGS019158,Ischemic Heart Disease,Cardiovascular & Cholesterol
PGS019159,Ischemic Heart Disease,Cardiovascular & Cholesterol
PGS000039,Ischemic stroke,Cardiovascular & Cholesterol
PGS000665,Ischemic stroke,Cardiovascular & Cholesterol
PGS000911,Ischemic stroke,Cardiovascular & Cholesterol
PGS002724,Ischemic stroke,Cardiovascular & Cholesterol
PGS002725,Ischemic stroke,Cardiovascular & Cholesterol
PGS004322,Ischemic stroke,Cardiovascular & Cholesterol
PGS004597,Ischemic stroke,Cardiovascular & Cholesterol
PGS004942,Ischemic stroke,Cardiovascular & Cholesterol
PGS012545,Ischemic stroke,Cardiovascular & Cholesterol
PGS004465,J33 (Nasal polyp),Lung & Respiratory
PGS004535,J33 (Nasal polyp),Lung & Respiratory
PGS004466,J44 (Other chronic obstructive pulmonary disease),Lung & Respiratory
PGS004536,J44 (Other chronic obstructive pulmonary disease),Lung & Respiratory
PGS004467,J45 (Asthma),Lung & Respiratory
PGS004537,J45 (Asthma),Lung & Respiratory
PGS000114,Juvenile Idiopathic Arthritis,"Bone, Joint & Muscle Health"
PGS004468,K21 (Gastroesophageal reflux disease),Digestive & Liver Health
PGS004538,K21 (Gastroesophageal reflux disease),Digestive & Liver Health
PGS004469,K22 (Other diseases of oesophagus),Digestive & Liver Health
PGS004539,K22 (Other diseases of oesophagus),Digestive & Liver Health
PGS004470,K29 (Gastritis and duodenitis),Digestive & Liver Health
PGS004540,K29 (Gastritis and duodenitis),Digestive & Liver Health
PGS004471,K40 (Inguinal hernia),Digestive & Liver Health
PGS004541,K40 (Inguinal hernia),Digestive & Liver Health
PGS004472,K42 (Umbilical hernia),Digestive & Liver Health
PGS004542,K42 (Umbilical hernia),Digestive & Liver Health
PGS004473,K44 (Diaphragmatic hernia),Digestive & Liver Health
PGS004543,K44 (Diaphragmatic hernia),Digestive & Liver Health
PGS004474,K57 (Diverticular disease of intestine),Digestive & Liver Health
PGS004544,K57 (Diverticular disease of intestine),Digestive & Liver Health
PGS004475,K59 (Other functional intestinal disorders),Digestive & Liver Health
PGS004545,K59 (Other functional intestinal disorders),Digestive & Liver Health
PGS004476,K80 (Cholelithiasis),Digestive & Liver Health
PGS004546,K80 (Cholelithiasis),Digestive & Liver Health
PGS004592,Keratinocyte cancer,Cancer
PGS019056,Keratitis,Eye Health
PGS019057,Keratitis,Eye Health
PGS019058,Keratitis,Eye Health
PGS019059,Keratitis,Eye Health
PGS019060,Keratitis,Eye Health
PGS002292,Keratoconus,Eye Health
PGS000076,Kidney cancer,Cancer
PGS000722,Kidney cancer,Cancer
PGS000787,Kidney cancer,Cancer
PGS004245,Kidney cancer,Cancer
PGS004690,Kidney cancer,Cancer
PGS004908,Kidney cancer,Cancer
PGS000708,Kidney failure,Kidney & Urinary Health
PGS002729,Knee osteoarthritis,"Bone, Joint & Muscle Health"
PGS002767,Knee osteoarthritis,"Bone, Joint & Muscle Health"
PGS004883,Knee osteoarthritis,"Bone, Joint & Muscle Health"
PGS018416,Knee osteoarthritis,"Bone, Joint & Muscle Health"
PGS019096,Labyrinthitis,Hearing & Ear Health
PGS019097,Labyrinthitis,Hearing & Ear Health
PGS019098,Labyrinthitis,Hearing & Ear Health
PGS019099,Labyrinthitis,Hearing & Ear Health
PGS019100,Labyrinthitis,Hearing & Ear Health
PGS000360,Laryngeal cancer,Cancer
PGS000361,Laryngeal cancer,Cancer
PGS000362,Laryngeal cancer,Cancer
PGS019245,Late effects of cerebrovascular disease,Cardiovascular & Cholesterol
PGS019246,Late effects of cerebrovascular disease,Cardiovascular & Cholesterol
PGS019247,Late effects of cerebrovascular disease,Cardiovascular & Cholesterol
PGS019248,Late effects of cerebrovascular disease,Cardiovascular & Cholesterol
PGS019249,Late effects of cerebrovascular disease,Cardiovascular & Cholesterol
PGS002289,Late-onset Alzheimer's disease,Brain & Mental Health
PGS000334,Late-onset Alzheimer’s disease,Brain & Mental Health
PGS000065,LDL cholesterol,Cardiovascular & Cholesterol
PGS000115,LDL cholesterol,Cardiovascular & Cholesterol
PGS000310,LDL cholesterol,Cardiovascular & Cholesterol
PGS000340,LDL cholesterol,Cardiovascular & Cholesterol
PGS000661,LDL cholesterol,Cardiovascular & Cholesterol
PGS000814,LDL cholesterol,Cardiovascular & Cholesterol
PGS000824,LDL cholesterol,Cardiovascular & Cholesterol
PGS000846,LDL cholesterol,Cardiovascular & Cholesterol
PGS000875,LDL cholesterol,Cardiovascular & Cholesterol
PGS000886,LDL cholesterol,Cardiovascular & Cholesterol
PGS000887,LDL cholesterol,Cardiovascular & Cholesterol
PGS000888,LDL cholesterol,Cardiovascular & Cholesterol
PGS000889,LDL cholesterol,Cardiovascular & Cholesterol
PGS000890,LDL cholesterol,Cardiovascular & Cholesterol
PGS000891,LDL cholesterol,Cardiovascular & Cholesterol
PGS000892,LDL cholesterol,Cardiovascular & Cholesterol
PGS000893,LDL cholesterol,Cardiovascular & Cholesterol
PGS000895,LDL cholesterol,Cardiovascular & Cholesterol
PGS000896,LDL cholesterol,Cardiovascular & Cholesterol
PGS000897,LDL cholesterol,Cardiovascular & Cholesterol
PGS002274,LDL cholesterol,Cardiovascular & Cholesterol
PGS002285,LDL cholesterol,Cardiovascular & Cholesterol
PGS002337,LDL cholesterol,Cardiovascular & Cholesterol
PGS002369,LDL cholesterol,Cardiovascular & Cholesterol
PGS002409,LDL cholesterol,Cardiovascular & Cholesterol
PGS002458,LDL cholesterol,Cardiovascular & Cholesterol
PGS002507,LDL cholesterol,Cardiovascular & Cholesterol
PGS002556,LDL cholesterol,Cardiovascular & Cholesterol
PGS002605,LDL cholesterol,Cardiovascular & Cholesterol
PGS002654,LDL cholesterol,Cardiovascular & Cholesterol
PGS002703,LDL cholesterol,Cardiovascular & Cholesterol
PGS003029,LDL cholesterol,Cardiovascular & Cholesterol
PGS003030,LDL cholesterol,Cardiovascular & Cholesterol
PGS003031,LDL cholesterol,Cardiovascular & Cholesterol
PGS003032,LDL cholesterol,Cardiovascular & Cholesterol
PGS003033,LDL cholesterol,Cardiovascular & Cholesterol
PGS003034,LDL cholesterol,Cardiovascular & Cholesterol
PGS003035,LDL cholesterol,Cardiovascular & Cholesterol
PGS003036,LDL cholesterol,Cardiovascular & Cholesterol
PGS003037,LDL cholesterol,Cardiovascular & Cholesterol
PGS003038,LDL cholesterol,Cardiovascular & Cholesterol
PGS003339,LDL cholesterol,Cardiovascular & Cholesterol
PGS003348,LDL cholesterol,Cardiovascular & Cholesterol
PGS003403,LDL cholesterol,Cardiovascular & Cholesterol
PGS003404,LDL cholesterol,Cardiovascular & Cholesterol
PGS003405,LDL cholesterol,Cardiovascular & Cholesterol
PGS003784,LDL cholesterol,Cardiovascular & Cholesterol
PGS003785,LDL cholesterol,Cardiovascular & Cholesterol
PGS003786,LDL cholesterol,Cardiovascular & Cholesterol
PGS003787,LDL cholesterol,Cardiovascular & Cholesterol
PGS003788,LDL cholesterol,Cardiovascular & Cholesterol
PGS003789,LDL cholesterol,Cardiovascular & Cholesterol
PGS003790,LDL cholesterol,Cardiovascular & Cholesterol
PGS003791,LDL cholesterol,Cardiovascular & Cholesterol
PGS003792,LDL cholesterol,Cardiovascular & Cholesterol
PGS003793,LDL cholesterol,Cardiovascular & Cholesterol
PGS003794,LDL cholesterol,Cardiovascular & Cholesterol
PGS003795,LDL cholesterol,Cardiovascular & Cholesterol
PGS003796,LDL cholesterol,Cardiovascular & Cholesterol
PGS003797,LDL cholesterol,Cardiovascular & Cholesterol
PGS003798,LDL cholesterol,Cardiovascular & Cholesterol
PGS003799,LDL cholesterol,Cardiovascular & Cholesterol
PGS003800,LDL cholesterol,Cardiovascular & Cholesterol
PGS003855,LDL cholesterol,Cardiovascular & Cholesterol
PGS003869,LDL cholesterol,Cardiovascular & Cholesterol
PGS003870,LDL cholesterol,Cardiovascular & Cholesterol
PGS003871,LDL cholesterol,Cardiovascular & Cholesterol
PGS003872,LDL cholesterol,Cardiovascular & Cholesterol
PGS003873,LDL cholesterol,Cardiovascular & Cholesterol
PGS003874,LDL cholesterol,Cardiovascular & Cholesterol
PGS003974,LDL cholesterol,Cardiovascular & Cholesterol
PGS003975,LDL cholesterol,Cardiovascular & Cholesterol
PGS003976,LDL cholesterol,Cardiovascular & Cholesterol
PGS003977,LDL cholesterol,Cardiovascular & Cholesterol
PGS003978,LDL cholesterol,Cardiovascular & Cholesterol
PGS004637,LDL cholesterol,Cardiovascular & Cholesterol
PGS004638,LDL cholesterol,Cardiovascular & Cholesterol
PGS004639,LDL cholesterol,Cardiovascular & Cholesterol
PGS004640,LDL cholesterol,Cardiovascular & Cholesterol
PGS004641,LDL cholesterol,Cardiovascular & Cholesterol
PGS004642,LDL cholesterol,Cardiovascular & Cholesterol
PGS004643,LDL cholesterol,Cardiovascular & Cholesterol
PGS004644,LDL cholesterol,Cardiovascular & Cholesterol
PGS004645,LDL cholesterol,Cardiovascular & Cholesterol
PGS004646,LDL cholesterol,Cardiovascular & Cholesterol
PGS004647,LDL cholesterol,Cardiovascular & Cholesterol
PGS004648,LDL cholesterol,Cardiovascular & Cholesterol
PGS004649,LDL cholesterol,Cardiovascular & Cholesterol
PGS004650,LDL cholesterol,Cardiovascular & Cholesterol
PGS004651,LDL cholesterol,Cardiovascular & Cholesterol
PGS004791,LDL cholesterol,Cardiovascular & Cholesterol
PGS004792,LDL cholesterol,Cardiovascular & Cholesterol
PGS004793,LDL cholesterol,Cardiovascular & Cholesterol
PGS004794,LDL cholesterol,Cardiovascular & Cholesterol
PGS004915,LDL cholesterol,Cardiovascular & Cholesterol
PGS004936,LDL cholesterol,Cardiovascular & Cholesterol
PGS004969,LDL cholesterol,Cardiovascular & Cholesterol
PGS004970,LDL cholesterol,Cardiovascular & Cholesterol
PGS004971,LDL cholesterol,Cardiovascular & Cholesterol
PGS004972,LDL cholesterol,Cardiovascular & Cholesterol
PGS004973,LDL cholesterol,Cardiovascular & Cholesterol
PGS004974,LDL cholesterol,Cardiovascular & Cholesterol
PGS004975,LDL cholesterol,Cardiovascular & Cholesterol
PGS004976,LDL cholesterol,Cardiovascular & Cholesterol
PGS004977,LDL cholesterol,Cardiovascular & Cholesterol
PGS004978,LDL cholesterol,Cardiovascular & Cholesterol
PGS004979,LDL cholesterol,Cardiovascular & Cholesterol
PGS004980,LDL cholesterol,Cardiovascular & Cholesterol
PGS004981,LDL cholesterol,Cardiovascular & Cholesterol
PGS012517,LDL cholesterol,Cardiovascular & Cholesterol
PGS012525,LDL cholesterol,Cardiovascular & Cholesterol
PGS019801,LDL cholesterol,Cardiovascular & Cholesterol
PGS019825,LDL cholesterol,Cardiovascular & Cholesterol
PGS019849,LDL cholesterol,Cardiovascular & Cholesterol
PGS019873,LDL cholesterol,Cardiovascular & Cholesterol
PGS019897,LDL cholesterol,Cardiovascular & Cholesterol
PGS000688,LDL cholesterol [mmol/L] (statin adjusted),Cardiovascular & Cholesterol
PGS005248,LDL-C levels,Cardiovascular & Cholesterol
PGS005249,LDL-C levels,Cardiovascular & Cholesterol
PGS005250,LDL-C levels,Cardiovascular & Cholesterol
PGS001933,LDL direct,Cardiovascular & Cholesterol
PGS002150,LDL direct,Cardiovascular & Cholesterol
PGS003517,LDL direct,Cardiovascular & Cholesterol
PGS003474,LDL levels,Cardiovascular & Cholesterol
PGS002730,LDL lowering in response to statin,Cardiovascular & Cholesterol
PGS000260,Lectin-like oxidized LDL receptor 1 (LOX-1) serum levels,Cardiovascular & Cholesterol
PGS001038,"Left heel bone mineral density (BMD) T-score, automated","Bone, Joint & Muscle Health"
PGS000138,Lifetime Major Depressive Disorder,Brain & Mental Health
PGS000139,Lifetime Major Depressive Disorder (with recurrence),Brain & Mental Health
PGS005320,Lipoprotein (a),Cardiovascular & Cholesterol
PGS000313,Lipoprotein A,Cardiovascular & Cholesterol
PGS000667,Lipoprotein A,Cardiovascular & Cholesterol
PGS001963,Lipoprotein A,Cardiovascular & Cholesterol
PGS002181,Lipoprotein A,Cardiovascular & Cholesterol
PGS003542,Lipoprotein A,Cardiovascular & Cholesterol
PGS004202,Lipoprotein A,Cardiovascular & Cholesterol
PGS004203,Lipoprotein A,Cardiovascular & Cholesterol
PGS004204,Lipoprotein A,Cardiovascular & Cholesterol
PGS004205,Lipoprotein A,Cardiovascular & Cholesterol
PGS000752,Lipoprotein A concentration [nmol/L],Cardiovascular & Cholesterol
PGS000689,Lipoprotein A [nmol/L],Cardiovascular & Cholesterol
PGS003801,Log triglycerides,Cardiovascular & Cholesterol
PGS003802,Log triglycerides,Cardiovascular & Cholesterol
PGS003803,Log triglycerides,Cardiovascular & Cholesterol
PGS003804,Log triglycerides,Cardiovascular & Cholesterol
PGS003805,Log triglycerides,Cardiovascular & Cholesterol
PGS003806,Log triglycerides,Cardiovascular & Cholesterol
PGS003807,Log triglycerides,Cardiovascular & Cholesterol
PGS003808,Log triglycerides,Cardiovascular & Cholesterol
PGS003809,Log triglycerides,Cardiovascular & Cholesterol
PGS003810,Log triglycerides,Cardiovascular & Cholesterol
PGS003811,Log triglycerides,Cardiovascular & Cholesterol
PGS003812,Log triglycerides,Cardiovascular & Cholesterol
PGS003813,Log triglycerides,Cardiovascular & Cholesterol
PGS003814,Log triglycerides,Cardiovascular & Cholesterol
PGS003815,Log triglycerides,Cardiovascular & Cholesterol
PGS003816,Log triglycerides,Cardiovascular & Cholesterol
PGS003817,Log triglycerides,Cardiovascular & Cholesterol
PGS004652,Log triglycerides,Cardiovascular & Cholesterol
PGS004653,Log triglycerides,Cardiovascular & Cholesterol
PGS004654,Log triglycerides,Cardiovascular & Cholesterol
PGS004655,Log triglycerides,Cardiovascular & Cholesterol
PGS004656,Log triglycerides,Cardiovascular & Cholesterol
PGS004657,Log triglycerides,Cardiovascular & Cholesterol
PGS004658,Log triglycerides,Cardiovascular & Cholesterol
PGS004659,Log triglycerides,Cardiovascular & Cholesterol
PGS004660,Log triglycerides,Cardiovascular & Cholesterol
PGS004661,Log triglycerides,Cardiovascular & Cholesterol
PGS004662,Log triglycerides,Cardiovascular & Cholesterol
PGS004663,Log triglycerides,Cardiovascular & Cholesterol
PGS004664,Log triglycerides,Cardiovascular & Cholesterol
PGS004665,Log triglycerides,Cardiovascular & Cholesterol
PGS004666,Log triglycerides,Cardiovascular & Cholesterol
PGS000061,Low-density lipoprotein (LDL) cholesterol,Cardiovascular & Cholesterol
PGS019537,Lump or mass in breast,Reproductive Health
PGS019538,Lump or mass in breast,Reproductive Health
PGS019539,Lump or mass in breast,Reproductive Health
PGS019540,Lump or mass in breast,Reproductive Health
PGS019541,Lump or mass in breast,Reproductive Health
PGS003393,Lung adenocarcinoma,Cancer
PGS005169,Lung adenocarcinoma,Cancer
PGS000388,Lung and bronchus cancer,Cancer
PGS000389,Lung and bronchus cancer,Cancer
PGS000390,Lung and bronchus cancer,Cancer
PGS000391,Lung and bronchus cancer,Cancer
PGS000392,Lung and bronchus cancer,Cancer
PGS000393,Lung and bronchus cancer,Cancer
PGS000394,Lung and bronchus cancer,Cancer
PGS000395,Lung and bronchus cancer,Cancer
PGS000396,Lung and bronchus cancer,Cancer
PGS000397,Lung and bronchus cancer,Cancer
PGS000070,Lung cancer,Cancer
PGS000078,Lung cancer,Cancer
PGS000156,Lung cancer,Cancer
PGS000721,Lung cancer,Cancer
PGS000740,Lung cancer,Cancer
PGS000789,Lung cancer,Cancer
PGS000880,Lung cancer,Cancer
PGS002270,Lung cancer,Cancer
PGS002808,Lung cancer,Cancer
PGS003391,Lung cancer,Cancer
PGS004165,Lung cancer,Cancer
PGS004246,Lung cancer,Cancer
PGS004325,Lung cancer,Cancer
PGS004691,Lung cancer,Cancer
PGS004860,Lung cancer,Cancer
PGS004884,Lung cancer,Cancer
PGS004955,Lung cancer,Cancer
PGS005163,Lung cancer,Cancer
PGS005397,Lung cancer,Cancer
PGS004164,Lung cancer in never smokers,Cancer
PGS001236,Lung function (FEV1),Lung & Respiratory
PGS000210,Lung function (FEV1/FVC),Lung & Respiratory
PGS001180,Lung function (FEV1/FVC),Lung & Respiratory
PGS003862,Lung function (FEV1/FVC),Lung & Respiratory
PGS003863,Lung function (FEV1/FVC),Lung & Respiratory
PGS003864,Lung function (FEV1/FVC),Lung & Respiratory
PGS003865,Lung function (FEV1/FVC),Lung & Respiratory
PGS001237,Lung function (FVC),Lung & Respiratory
PGS003392,Lung squamous cell carcinoma,Cancer
PGS001870,Lupus (localized and systemic),Immune & Autoimmune
PGS002082,Lupus (localized and systemic),Immune & Autoimmune
PGS019593,Lupus localized and systemic,Immune & Autoimmune
PGS019594,Lupus localized and systemic,Immune & Autoimmune
PGS019595,Lupus localized and systemic,Immune & Autoimmune
PGS019596,Lupus localized and systemic,Immune & Autoimmune
PGS019597,Lupus localized and systemic,Immune & Autoimmune
PGS019598,Lupus localized and systemic,Immune & Autoimmune
PGS001412,LV ejection fraction,Cardiovascular & Cholesterol
PGS001413,LV stroke volume,Cardiovascular & Cholesterol
PGS000097,Lymphocyte count,Blood & Biomarkers
PGS000172,Lymphocyte count,Blood & Biomarkers
PGS001199,Lymphocyte count,Blood & Biomarkers
PGS001965,Lymphocyte count,Blood & Biomarkers
PGS002183,Lymphocyte count,Blood & Biomarkers
PGS002338,Lymphocyte count,Blood & Biomarkers
PGS002370,Lymphocyte count,Blood & Biomarkers
PGS002410,Lymphocyte count,Blood & Biomarkers
PGS002459,Lymphocyte count,Blood & Biomarkers
PGS002508,Lymphocyte count,Blood & Biomarkers
PGS002557,Lymphocyte count,Blood & Biomarkers
PGS002606,Lymphocyte count,Blood & Biomarkers
PGS002655,Lymphocyte count,Blood & Biomarkers
PGS002704,Lymphocyte count,Blood & Biomarkers
PGS003475,Lymphocyte count,Blood & Biomarkers
PGS003936,Lymphocyte count,Blood & Biomarkers
PGS004356,Lymphocyte count,Blood & Biomarkers
PGS005174,Lymphocyte count variance,Blood & Biomarkers
PGS000077,Lymphocytic leukemia,Cancer
PGS000788,Lymphocytic leukemia,Cancer
PGS005270,Lymphocytic thyroiditis,Metabolism & Hormones
PGS005271,Lymphocytic thyroiditis,Metabolism & Hormones
PGS005272,Lymphocytic thyroiditis,Metabolism & Hormones
PGS000645,Lymphoid leukemia,Cancer
PGS004477,M13 (Other arthritis),"Bone, Joint & Muscle Health"
PGS004547,M13 (Other arthritis),"Bone, Joint & Muscle Health"
PGS004478,M16 (Coxarthrosis [arthrosis of hip]),"Bone, Joint & Muscle Health"
PGS004548,M16 (Coxarthrosis [arthrosis of hip]),"Bone, Joint & Muscle Health"
PGS004479,M17 (Gonarthrosis [arthrosis of knee]),"Bone, Joint & Muscle Health"
PGS004549,M17 (Gonarthrosis [arthrosis of knee]),"Bone, Joint & Muscle Health"
PGS004480,M19 (Other arthrosis),"Bone, Joint & Muscle Health"
PGS004550,M19 (Other arthrosis),"Bone, Joint & Muscle Health"
PGS004481,M20 (Acquired deformities of fingers and toes),"Bone, Joint & Muscle Health"
PGS004551,M20 (Acquired deformities of fingers and toes),"Bone, Joint & Muscle Health"
PGS004483,"M25 (Other joint disorders, not elsewhere classified)","Bone, Joint & Muscle Health"
PGS004553,"M25 (Other joint disorders, not elsewhere classified)","Bone, Joint & Muscle Health"
PGS004484,M47 (Spondylosis),"Bone, Joint & Muscle Health"
PGS004554,M47 (Spondylosis),"Bone, Joint & Muscle Health"
PGS004485,M48 (Other spondylopathies),"Bone, Joint & Muscle Health"
PGS004555,M48 (Other spondylopathies),"Bone, Joint & Muscle Health"
PGS004490,M81 (Osteoporosis without pathological fracture),"Bone, Joint & Muscle Health"
PGS004560,M81 (Osteoporosis without pathological fracture),"Bone, Joint & Muscle Health"
PGS001013,Macular degeneration,Eye Health
PGS001834,Macular degeneration (senile) of retina NOS,Eye Health
PGS002041,Macular degeneration (senile) of retina NOS,Eye Health
PGS019031,Macular degeneration senile of retina NOS,Eye Health
PGS019032,Macular degeneration senile of retina NOS,Eye Health
PGS019033,Macular degeneration senile of retina NOS,Eye Health
PGS019034,Macular degeneration senile of retina NOS,Eye Health
PGS019035,Macular degeneration senile of retina NOS,Eye Health
PGS019026,Macular puckering of retina,Eye Health
PGS019027,Macular puckering of retina,Eye Health
PGS019028,Macular puckering of retina,Eye Health
PGS019029,Macular puckering of retina,Eye Health
PGS019030,Macular puckering of retina,Eye Health
PGS000193,Major depression,Brain & Mental Health
PGS000907,Major depressive disorder,Brain & Mental Health
PGS002789,Major depressive disorder,Brain & Mental Health
PGS003442,Major depressive disorder,Brain & Mental Health
PGS004591,Major depressive disorder,Brain & Mental Health
PGS004885,Major depressive disorder,Brain & Mental Health
PGS003333,Major Depressive Disorder,Brain & Mental Health
PGS003576,Major Depressive Disorder (Lifetime),Brain & Mental Health
PGS003577,Major Depressive Disorder (Lifetime),Brain & Mental Health
PGS003578,Major Depressive Disorder (Lifetime),Brain & Mental Health
PGS003579,Major Depressive Disorder (Lifetime),Brain & Mental Health
PGS003580,Major Depressive Disorder (Lifetime),Brain & Mental Health
PGS003581,Major Depressive Disorder (Lifetime),Brain & Mental Health
PGS003582,Major Depressive Disorder (Lifetime),Brain & Mental Health
PGS003583,Major Depressive Disorder (Lifetime),Brain & Mental Health
PGS003584,Major Depressive Disorder (Lifetime),Brain & Mental Health
PGS003585,Major Depressive Disorder (Lifetime),Brain & Mental Health
PGS001301,Malabsorption/coeliac disease,Immune & Autoimmune
PGS001111,Male genital tract cancer,Cancer
PGS018570,Malignant neoplasm of bladder,Cancer
PGS018571,Malignant neoplasm of bladder,Cancer
PGS018572,Malignant neoplasm of bladder,Cancer
PGS018573,Malignant neoplasm of bladder,Cancer
PGS018574,Malignant neoplasm of bladder,Cancer
PGS018535,Malignant neoplasm of female breast,Cancer
PGS018536,Malignant neoplasm of female breast,Cancer
PGS018537,Malignant neoplasm of female breast,Cancer
PGS018538,Malignant neoplasm of female breast,Cancer
PGS018539,Malignant neoplasm of female breast,Cancer
PGS000605,"Malignant neoplasm of kidney, except pelvis",Cancer
PGS000606,"Malignant neoplasm of kidney, except pelvis",Cancer
PGS018505,Malignant neoplasm of liver primary,Cancer
PGS018506,Malignant neoplasm of liver primary,Cancer
PGS018507,Malignant neoplasm of liver primary,Cancer
PGS018508,Malignant neoplasm of liver primary,Cancer
PGS018509,Malignant neoplasm of liver primary,Cancer
PGS000544,Malignant neoplasm of ovary,Cancer
PGS000545,Malignant neoplasm of ovary,Cancer
PGS000546,Malignant neoplasm of ovary,Cancer
PGS000547,Malignant neoplasm of ovary,Cancer
PGS000548,Malignant neoplasm of ovary,Cancer
PGS000549,Malignant neoplasm of ovary,Cancer
PGS000550,Malignant neoplasm of ovary,Cancer
PGS000551,Malignant neoplasm of ovary,Cancer
PGS000552,Malignant neoplasm of ovary,Cancer
PGS000553,Malignant neoplasm of ovary,Cancer
PGS000554,Malignant neoplasm of ovary,Cancer
PGS000555,Malignant neoplasm of ovary,Cancer
PGS000556,Malignant neoplasm of ovary,Cancer
PGS000557,Malignant neoplasm of ovary,Cancer
PGS000558,Malignant neoplasm of ovary,Cancer
PGS000559,Malignant neoplasm of ovary,Cancer
PGS000560,Malignant neoplasm of ovary,Cancer
PGS000561,Malignant neoplasm of ovary,Cancer
PGS000562,Malignant neoplasm of ovary,Cancer
PGS000563,Malignant neoplasm of ovary,Cancer
PGS000564,Malignant neoplasm of ovary,Cancer
PGS018495,Malignant neoplasm of rectum rectosigmoid junction and anus,Cancer
PGS018496,Malignant neoplasm of rectum rectosigmoid junction and anus,Cancer
PGS018497,Malignant neoplasm of rectum rectosigmoid junction and anus,Cancer
PGS018498,Malignant neoplasm of rectum rectosigmoid junction and anus,Cancer
PGS018499,Malignant neoplasm of rectum rectosigmoid junction and anus,Cancer
PGS000383,"Malignant neoplasm of rectum, rectosigmoid junction, and anus",Cancer
PGS000384,"Malignant neoplasm of rectum, rectosigmoid junction, and anus",Cancer
PGS000595,Malignant neoplasm of testis,Cancer
PGS000596,Malignant neoplasm of testis,Cancer
PGS000597,Malignant neoplasm of testis,Cancer
PGS000598,Malignant neoplasm of testis,Cancer
PGS000599,Malignant neoplasm of testis,Cancer
PGS000600,Malignant neoplasm of testis,Cancer
PGS000601,Malignant neoplasm of testis,Cancer
PGS000602,Malignant neoplasm of testis,Cancer
PGS000603,Malignant neoplasm of testis,Cancer
PGS000604,Malignant neoplasm of testis,Cancer
PGS001806,Malignant neoplasm of testis,Cancer
PGS000541,Malignant neoplasm of uterus,Cancer
PGS000542,Malignant neoplasm of uterus,Cancer
PGS018555,Malignant neoplasm of uterus,Cancer
PGS018556,Malignant neoplasm of uterus,Cancer
PGS018557,Malignant neoplasm of uterus,Cancer
PGS018558,Malignant neoplasm of uterus,Cancer
PGS018559,Malignant neoplasm of uterus,Cancer
PGS018590,Malignant neoplasm other,Cancer
PGS018591,Malignant neoplasm other,Cancer
PGS018592,Malignant neoplasm other,Cancer
PGS018593,Malignant neoplasm other,Cancer
PGS018594,Malignant neoplasm other,Cancer
PGS018575,Manlignant and unknown neoplasms of brain and nervous system,Cancer
PGS018576,Manlignant and unknown neoplasms of brain and nervous system,Cancer
PGS018577,Manlignant and unknown neoplasms of brain and nervous system,Cancer
PGS018578,Manlignant and unknown neoplasms of brain and nervous system,Cancer
PGS018579,Manlignant and unknown neoplasms of brain and nervous system,Cancer
PGS003451,Marginal zone lymphoma,Cancer
PGS003476,Mean arterial pressure,Cardiovascular & Cholesterol
PGS019802,Mean arterial pressure,Cardiovascular & Cholesterol
PGS019826,Mean arterial pressure,Cardiovascular & Cholesterol
PGS019850,Mean arterial pressure,Cardiovascular & Cholesterol
PGS019874,Mean arterial pressure,Cardiovascular & Cholesterol
PGS019898,Mean arterial pressure,Cardiovascular & Cholesterol
PGS019913,Mean arterial pressure,Cardiovascular & Cholesterol
PGS004350,Mean corpuscular haemoglobin,Blood & Biomarkers
PGS000099,Mean corpuscular hemoglobin,Blood & Biomarkers
PGS000174,Mean corpuscular hemoglobin,Blood & Biomarkers
PGS001219,Mean corpuscular hemoglobin,Blood & Biomarkers
PGS001989,Mean corpuscular hemoglobin,Blood & Biomarkers
PGS002206,Mean corpuscular hemoglobin,Blood & Biomarkers
PGS002339,Mean corpuscular hemoglobin,Blood & Biomarkers
PGS002371,Mean corpuscular hemoglobin,Blood & Biomarkers
PGS002411,Mean corpuscular hemoglobin,Blood & Biomarkers
PGS002460,Mean corpuscular hemoglobin,Blood & Biomarkers
PGS002509,Mean corpuscular hemoglobin,Blood & Biomarkers
PGS002558,Mean corpuscular hemoglobin,Blood & Biomarkers
PGS002607,Mean corpuscular hemoglobin,Blood & Biomarkers
PGS002656,Mean corpuscular hemoglobin,Blood & Biomarkers
PGS002705,Mean corpuscular hemoglobin,Blood & Biomarkers
PGS003560,Mean corpuscular hemoglobin,Blood & Biomarkers
PGS003929,Mean corpuscular hemoglobin,Blood & Biomarkers
PGS000100,Mean corpuscular hemoglobin concentration,Blood & Biomarkers
PGS000175,Mean corpuscular hemoglobin concentration,Blood & Biomarkers
PGS001218,Mean corpuscular hemoglobin concentration,Blood & Biomarkers
PGS003930,Mean corpuscular hemoglobin concentration,Blood & Biomarkers
PGS005185,Mean corpuscular hemoglobin concentration variance,Blood & Biomarkers
PGS005186,Mean corpuscular hemoglobin variance,Blood & Biomarkers
PGS000101,Mean corpuscular volume,Blood & Biomarkers
PGS000176,Mean corpuscular volume,Blood & Biomarkers
PGS001220,Mean corpuscular volume,Blood & Biomarkers
PGS001990,Mean corpuscular volume,Blood & Biomarkers
PGS002207,Mean corpuscular volume,Blood & Biomarkers
PGS003561,Mean corpuscular volume,Blood & Biomarkers
PGS003928,Mean corpuscular volume,Blood & Biomarkers
PGS004349,Mean corpuscular volume,Blood & Biomarkers
PGS005187,Mean corpuscular volume variance,Blood & Biomarkers
PGS000104,Mean platelet volume,Blood & Biomarkers
PGS000179,Mean platelet volume,Blood & Biomarkers
PGS001200,Mean platelet volume,Blood & Biomarkers
PGS002340,Mean platelet volume,Blood & Biomarkers
PGS002412,Mean platelet volume,Blood & Biomarkers
PGS002461,Mean platelet volume,Blood & Biomarkers
PGS002510,Mean platelet volume,Blood & Biomarkers
PGS002559,Mean platelet volume,Blood & Biomarkers
PGS002608,Mean platelet volume,Blood & Biomarkers
PGS002657,Mean platelet volume,Blood & Biomarkers
PGS002706,Mean platelet volume,Blood & Biomarkers
PGS005188,Mean platelet volume variance,Blood & Biomarkers
PGS005255,Mean pressure gradient,Cardiovascular & Cholesterol
PGS000079,Melanoma,Cancer
PGS000118,Melanoma,Cancer
PGS000157,Melanoma,Cancer
PGS000732,Melanoma,Cancer
PGS000743,Melanoma,Cancer
PGS000744,Melanoma,Cancer
PGS000745,Melanoma,Cancer
PGS000790,Melanoma,Cancer
PGS000813,Melanoma,Cancer
PGS002246,Melanoma,Cancer
PGS002247,Melanoma,Cancer
PGS002253,Melanoma,Cancer
PGS002301,Melanoma,Cancer
PGS003412,Melanoma,Cancer
PGS003430,Melanoma,Cancer
PGS004247,Melanoma,Cancer
PGS004795,Melanoma,Cancer
PGS004796,Melanoma,Cancer
PGS004886,Melanoma,Cancer
PGS004953,Melanoma,Cancer
PGS005208,Melanoma,Cancer
PGS001304,Melanoma (malignant),Cancer
PGS000408,Melanomas of skin (diagnosis or history),Cancer
PGS000409,Melanomas of skin (diagnosis or history),Cancer
PGS000410,Melanomas of skin (diagnosis or history),Cancer
PGS000411,Melanomas of skin (diagnosis or history),Cancer
PGS000412,Melanomas of skin (diagnosis or history),Cancer
PGS000413,Melanomas of skin (diagnosis or history),Cancer
PGS000414,Melanomas of skin (diagnosis or history),Cancer
PGS000415,Melanomas of skin (diagnosis or history),Cancer
PGS000416,Melanomas of skin (diagnosis or history),Cancer
PGS000417,Melanomas of skin (diagnosis or history),Cancer
PGS000418,Melanomas of skin (diagnosis or history),Cancer
PGS000419,Melanomas of skin (diagnosis or history),Cancer
PGS000420,Melanomas of skin (diagnosis or history),Cancer
PGS000421,Melanomas of skin (diagnosis or history),Cancer
PGS000422,Melanomas of skin (diagnosis or history),Cancer
PGS000423,Melanomas of skin (diagnosis or history),Cancer
PGS000424,Melanomas of skin (diagnosis or history),Cancer
PGS000425,Melanomas of skin (diagnosis or history),Cancer
PGS000426,Melanomas of skin (diagnosis or history),Cancer
PGS000427,Melanomas of skin (diagnosis or history),Cancer
PGS000428,Melanomas of skin (diagnosis or history),Cancer
PGS000429,Melanomas of skin (diagnosis or history),Cancer
PGS000430,Melanomas of skin (diagnosis or history),Cancer
PGS000431,Melanomas of skin (diagnosis or history),Cancer
PGS000432,Melanomas of skin (diagnosis or history),Cancer
PGS019086,Menieres disease,Brain & Mental Health
PGS019087,Menieres disease,Brain & Mental Health
PGS019088,Menieres disease,Brain & Mental Health
PGS019089,Menieres disease,Brain & Mental Health
PGS019090,Menieres disease,Brain & Mental Health
PGS004928,Metabolic syndrome,Metabolism & Hormones
PGS000972,Microalbumin [> 40 mg/L],Kidney & Urinary Health
PGS001967,Microalbumin in urine,Kidney & Urinary Health
PGS002185,Microalbumin in urine,Kidney & Urinary Health
PGS000690,Microalbumin in urine [mg/L],Kidney & Urinary Health
PGS004896,Microalbuminuria,Kidney & Urinary Health
PGS001281,Migraine,Brain & Mental Health
PGS004797,Migraine,Brain & Mental Health
PGS004798,Migraine,Brain & Mental Health
PGS004799,Migraine,Brain & Mental Health
PGS004800,Migraine,Brain & Mental Health
PGS018986,Migraine,Brain & Mental Health
PGS018987,Migraine,Brain & Mental Health
PGS018988,Migraine,Brain & Mental Health
PGS018989,Migraine,Brain & Mental Health
PGS018990,Migraine,Brain & Mental Health
PGS001282,Migraine (time-to-event),Brain & Mental Health
PGS018931,Mild cognitive impairment,Brain & Mental Health
PGS018932,Mild cognitive impairment,Brain & Mental Health
PGS018933,Mild cognitive impairment,Brain & Mental Health
PGS018934,Mild cognitive impairment,Brain & Mental Health
PGS018935,Mild cognitive impairment,Brain & Mental Health
PGS018811,Mixed hyperlipidemia,Cardiovascular & Cholesterol
PGS018812,Mixed hyperlipidemia,Cardiovascular & Cholesterol
PGS018813,Mixed hyperlipidemia,Cardiovascular & Cholesterol
PGS018814,Mixed hyperlipidemia,Cardiovascular & Cholesterol
PGS018815,Mixed hyperlipidemia,Cardiovascular & Cholesterol
PGS001773,Moderate-to-severe atopic dermatitis,Immune & Autoimmune
PGS000102,Monocyte count,Blood & Biomarkers
PGS000177,Monocyte count,Blood & Biomarkers
PGS001163,Monocyte count,Blood & Biomarkers
PGS001968,Monocyte count,Blood & Biomarkers
PGS002186,Monocyte count,Blood & Biomarkers
PGS002341,Monocyte count,Blood & Biomarkers
PGS002372,Monocyte count,Blood & Biomarkers
PGS002413,Monocyte count,Blood & Biomarkers
PGS002462,Monocyte count,Blood & Biomarkers
PGS002511,Monocyte count,Blood & Biomarkers
PGS002560,Monocyte count,Blood & Biomarkers
PGS002609,Monocyte count,Blood & Biomarkers
PGS002658,Monocyte count,Blood & Biomarkers
PGS002707,Monocyte count,Blood & Biomarkers
PGS003544,Monocyte count,Blood & Biomarkers
PGS003937,Monocyte count,Blood & Biomarkers
PGS004357,Monocyte count,Blood & Biomarkers
PGS004801,Monocyte count,Blood & Biomarkers
PGS004802,Monocyte count,Blood & Biomarkers
PGS004803,Monocyte count,Blood & Biomarkers
PGS004804,Monocyte count,Blood & Biomarkers
PGS005189,Monocyte count variance,Blood & Biomarkers
PGS000947,Mouth ulcers,Dental & Oral Health
PGS000652,Multiple myeloma,Cancer
PGS000653,Multiple myeloma,Cancer
PGS000654,Multiple myeloma,Cancer
PGS002281,Multiple myeloma,Cancer
PGS003450,Multiple myeloma,Cancer
PGS000809,Multiple sclerosis,Immune & Autoimmune
PGS001270,Multiple sclerosis,Immune & Autoimmune
PGS001831,Multiple sclerosis,Immune & Autoimmune
PGS002038,Multiple sclerosis,Immune & Autoimmune
PGS002726,Multiple sclerosis,Immune & Autoimmune
PGS004699,Multiple sclerosis,Immune & Autoimmune
PGS004700,Multiple sclerosis,Immune & Autoimmune
PGS001271,Multiple sclerosis (time-to-event),Immune & Autoimmune
PGS000710,Myocardial infarction,Cardiovascular & Cholesterol
PGS001315,Myocardial infarction,Cardiovascular & Cholesterol
PGS018412,Myocardial infarction,Cardiovascular & Cholesterol
PGS019160,Myocardial infarction,Cardiovascular & Cholesterol
PGS019161,Myocardial infarction,Cardiovascular & Cholesterol
PGS019162,Myocardial infarction,Cardiovascular & Cholesterol
PGS019163,Myocardial infarction,Cardiovascular & Cholesterol
PGS019164,Myocardial infarction,Cardiovascular & Cholesterol
PGS001316,Myocardial infarction (algorithmically-defined),Cardiovascular & Cholesterol
PGS005034,Myocardial infarction (PheCode 411.2),Cardiovascular & Cholesterol
PGS005035,Myocardial infarction (PheCode 411.2),Cardiovascular & Cholesterol
PGS005036,Myocardial infarction (PheCode 411.2),Cardiovascular & Cholesterol
PGS005037,Myocardial infarction (PheCode 411.2),Cardiovascular & Cholesterol
PGS005038,Myocardial infarction (PheCode 411.2),Cardiovascular & Cholesterol
PGS005039,Myocardial infarction (PheCode 411.2),Cardiovascular & Cholesterol
PGS005040,Myocardial infarction (PheCode 411.2),Cardiovascular & Cholesterol
PGS005041,Myocardial infarction (PheCode 411.2),Cardiovascular & Cholesterol
PGS005042,Myocardial infarction (PheCode 411.2),Cardiovascular & Cholesterol
PGS005043,Myocardial infarction (PheCode 411.2),Cardiovascular & Cholesterol
PGS005044,Myocardial infarction (PheCode 411.2),Cardiovascular & Cholesterol
PGS005045,Myocardial infarction (PheCode 411.2),Cardiovascular & Cholesterol
PGS005046,Myocardial infarction (PheCode 411.2),Cardiovascular & Cholesterol
PGS001994,Myopia diagnosis,Eye Health
PGS002211,Myopia diagnosis,Eye Health
PGS003564,Myopia diagnosis,Eye Health
PGS004491,N17 (Acute renal failure),Kidney & Urinary Health
PGS004561,N17 (Acute renal failure),Kidney & Urinary Health
PGS004492,N18 (Chronic renal failure),Kidney & Urinary Health
PGS004562,N18 (Chronic renal failure),Kidney & Urinary Health
PGS004493,N20 (Calculus of kidney and ureter),Kidney & Urinary Health
PGS004563,N20 (Calculus of kidney and ureter),Kidney & Urinary Health
PGS004494,N39 (Other disorders of urinary system),Kidney & Urinary Health
PGS004564,N39 (Other disorders of urinary system),Kidney & Urinary Health
PGS000756,Narcolepsy,Brain & Mental Health
PGS000757,Narcolepsy,Brain & Mental Health
PGS002291,Nasopharyngeal carcinoma,Cancer
PGS018605,Neoplasm of uncertain behavior,Cancer
PGS018606,Neoplasm of uncertain behavior,Cancer
PGS018607,Neoplasm of uncertain behavior,Cancer
PGS018608,Neoplasm of uncertain behavior,Cancer
PGS018609,Neoplasm of uncertain behavior,Cancer
PGS018510,Neoplasm of unspecified nature of digestive system,Cancer
PGS018511,Neoplasm of unspecified nature of digestive system,Cancer
PGS018512,Neoplasm of unspecified nature of digestive system,Cancer
PGS018513,Neoplasm of unspecified nature of digestive system,Cancer
PGS018514,Neoplasm of unspecified nature of digestive system,Cancer
PGS019415,Nephritis and nephropathy in diseases classified elsewhere,Kidney & Urinary Health
PGS019416,Nephritis and nephropathy in diseases classified elsewhere,Kidney & Urinary Health
PGS019417,Nephritis and nephropathy in diseases classified elsewhere,Kidney & Urinary Health
PGS019418,Nephritis and nephropathy in diseases classified elsewhere,Kidney & Urinary Health
PGS019419,Nephritis and nephropathy in diseases classified elsewhere,Kidney & Urinary Health
PGS019420,Nephritis and nephropathy in diseases classified elsewhere,Kidney & Urinary Health
PGS019410,Nephritis and nephropathy without mention of glomerulonephritis,Kidney & Urinary Health
PGS019411,Nephritis and nephropathy without mention of glomerulonephritis,Kidney & Urinary Health
PGS019412,Nephritis and nephropathy without mention of glomerulonephritis,Kidney & Urinary Health
PGS019413,Nephritis and nephropathy without mention of glomerulonephritis,Kidney & Urinary Health
PGS019414,Nephritis and nephropathy without mention of glomerulonephritis,Kidney & Urinary Health
PGS019421,Nephritis and nephropathy with pathological lesion,Kidney & Urinary Health
PGS019422,Nephritis and nephropathy with pathological lesion,Kidney & Urinary Health
PGS019423,Nephritis and nephropathy with pathological lesion,Kidney & Urinary Health
PGS019424,Nephritis and nephropathy with pathological lesion,Kidney & Urinary Health
PGS019425,Nephritis and nephropathy with pathological lesion,Kidney & Urinary Health
PGS019426,Nephritis and nephropathy with pathological lesion,Kidney & Urinary Health
PGS019405,Nephritis nephrosis renal sclerosis,Kidney & Urinary Health
PGS019406,Nephritis nephrosis renal sclerosis,Kidney & Urinary Health
PGS019407,Nephritis nephrosis renal sclerosis,Kidney & Urinary Health
PGS019408,Nephritis nephrosis renal sclerosis,Kidney & Urinary Health
PGS019409,Nephritis nephrosis renal sclerosis,Kidney & Urinary Health
PGS002261,Neuroblastoma,Cancer
PGS018926,Neurological disorders,Brain & Mental Health
PGS018927,Neurological disorders,Brain & Mental Health
PGS018928,Neurological disorders,Brain & Mental Health
PGS018929,Neurological disorders,Brain & Mental Health
PGS018930,Neurological disorders,Brain & Mental Health
PGS000105,Neutrophil count,Blood & Biomarkers
PGS000182,Neutrophil count,Blood & Biomarkers
PGS001173,Neutrophil count,Blood & Biomarkers
PGS001969,Neutrophil count,Blood & Biomarkers
PGS002187,Neutrophil count,Blood & Biomarkers
PGS003545,Neutrophil count,Blood & Biomarkers
PGS003938,Neutrophil count,Blood & Biomarkers
PGS004805,Neutrophil count,Blood & Biomarkers
PGS004806,Neutrophil count,Blood & Biomarkers
PGS004807,Neutrophil count,Blood & Biomarkers
PGS004808,Neutrophil count,Blood & Biomarkers
PGS005191,Neutrophil count variance,Blood & Biomarkers
PGS004358,Neutrophill count,Blood & Biomarkers
PGS000643,Nodular lymphoma,Cancer
PGS000644,Nodular lymphoma,Cancer
PGS000691,Non-albumin protein [g/L],Blood & Biomarkers
PGS000655,Non-alcoholic fatty liver disease,Digestive & Liver Health
PGS000872,Non-alcoholic fatty liver disease,Digestive & Liver Health
PGS002282,Nonalcoholic fatty liver disease,Digestive & Liver Health
PGS002283,Nonalcoholic fatty liver disease,Digestive & Liver Health
PGS012549,Nonalcoholic fatty liver disease,Digestive & Liver Health
PGS001514,Non-cancer illness year/age first occurred,Cancer
PGS000080,Non-Hodgkin's lymphoma,Cancer
PGS000641,Non-Hodgkin's lymphoma,Cancer
PGS000642,Non-Hodgkin's lymphoma,Cancer
PGS000791,Non-Hodgkin's lymphoma,Cancer
PGS004248,Non-Hodgkin's lymphoma,Cancer
PGS019557,Noninflammatory disorders of ovary fallopian tube and broad ligament,Reproductive Health
PGS019558,Noninflammatory disorders of ovary fallopian tube and broad ligament,Reproductive Health
PGS019559,Noninflammatory disorders of ovary fallopian tube and broad ligament,Reproductive Health
PGS019560,Noninflammatory disorders of ovary fallopian tube and broad ligament,Reproductive Health
PGS019561,Noninflammatory disorders of ovary fallopian tube and broad ligament,Reproductive Health
PGS001294,Non-insulin-dependent diabetes (time-to-event),Metabolism & Hormones
PGS001040,Non melanoma skin cancer,Cancer
PGS005086,Non-mucinous epithelial ovarian cancer,Cancer
PGS005087,Non-mucinous epithelial ovarian cancer,Cancer
PGS005088,Non-mucinous epithelial ovarian cancer,Cancer
PGS005089,Non-mucinous epithelial ovarian cancer,Cancer
PGS003754,Nonmucinous Epithelial Ovarian Cancer,Cancer
PGS001025,Nonrheumatic aortic valve disorders (time-to-event),Cardiovascular & Cholesterol
PGS001814,Nontoxic multinodular goiter,Metabolism & Hormones
PGS002022,Nontoxic multinodular goiter,Metabolism & Hormones
PGS018660,Nontoxic multinodular goiter,Metabolism & Hormones
PGS018661,Nontoxic multinodular goiter,Metabolism & Hormones
PGS018662,Nontoxic multinodular goiter,Metabolism & Hormones
PGS018663,Nontoxic multinodular goiter,Metabolism & Hormones
PGS018664,Nontoxic multinodular goiter,Metabolism & Hormones
PGS018650,Nontoxic nodular goiter,Metabolism & Hormones
PGS018651,Nontoxic nodular goiter,Metabolism & Hormones
PGS018652,Nontoxic nodular goiter,Metabolism & Hormones
PGS018653,Nontoxic nodular goiter,Metabolism & Hormones
PGS018654,Nontoxic nodular goiter,Metabolism & Hormones
PGS018655,Nontoxic uninodular goiter,Metabolism & Hormones
PGS018656,Nontoxic uninodular goiter,Metabolism & Hormones
PGS018657,Nontoxic uninodular goiter,Metabolism & Hormones
PGS018658,Nontoxic uninodular goiter,Metabolism & Hormones
PGS018659,Nontoxic uninodular goiter,Metabolism & Hormones
PGS001048,NSTEMI (algorithmically-defined),Cardiovascular & Cholesterol
PGS001004,Number of non-cancer illnesses,Cancer
PGS003400,Obesity,Metabolism & Hormones
PGS003959,Obesity,Metabolism & Hormones
PGS005145,Obesity,Metabolism & Hormones
PGS005154,Obesity,Metabolism & Hormones
PGS018850,Obesity,Metabolism & Hormones
PGS018851,Obesity,Metabolism & Hormones
PGS018852,Obesity,Metabolism & Hormones
PGS018853,Obesity,Metabolism & Hormones
PGS018854,Obesity,Metabolism & Hormones
PGS018855,Obesity,Metabolism & Hormones
PGS001298,Obesity (time-to-event),Metabolism & Hormones
PGS003479,Obstructive sleep apnea,Lung & Respiratory
PGS003857,Obstructive sleep apnea,Lung & Respiratory
PGS012520,Obstructive sleep apnea,Lung & Respiratory
PGS012528,Obstructive sleep apnea,Lung & Respiratory
PGS005219,Obstructive sleep apnea (AdjustedBMI),Lung & Respiratory
PGS012521,Obstructive sleep apnea (adjusted for BMI),Metabolism & Hormones
PGS012529,Obstructive sleep apnea (adjusted for BMI),Metabolism & Hormones
PGS003858,Obstructive sleep apnea (BMI adjusted),Metabolism & Hormones
PGS005220,Obstructive sleep apnea (UnadjustedBMI),Lung & Respiratory
PGS002052,Occlusion and stenosis of precerebral arteries,Cardiovascular & Cholesterol
PGS019230,Occlusion of cerebral arteries,Cardiovascular & Cholesterol
PGS019231,Occlusion of cerebral arteries,Cardiovascular & Cholesterol
PGS019232,Occlusion of cerebral arteries,Cardiovascular & Cholesterol
PGS019233,Occlusion of cerebral arteries,Cardiovascular & Cholesterol
PGS019234,Occlusion of cerebral arteries,Cardiovascular & Cholesterol
PGS000617,Ocular cancer,Cancer
PGS000325,Oligoarthritis Juvenile Idiophatic Arthritis,"Bone, Joint & Muscle Health"
PGS019041,Open angle glaucoma,Eye Health
PGS019042,Open angle glaucoma,Eye Health
PGS019043,Open angle glaucoma,Eye Health
PGS019044,Open angle glaucoma,Eye Health
PGS019045,Open angle glaucoma,Eye Health
PGS000081,Oral cavity and pharyngeal cancers,Cancer
PGS000792,Oral cavity and pharyngeal cancers,Cancer
PGS000357,Oral cavity cancer,Cancer
PGS000358,Oral cavity cancer,Cancer
PGS012587,Oral cavity cancer,Cancer
PGS018455,Oral cavity cancer,Cancer
PGS018456,Oral cavity cancer,Cancer
PGS018457,Oral cavity cancer,Cancer
PGS018458,Oral cavity cancer,Cancer
PGS018459,Oral cavity cancer,Cancer
PGS018976,Organic or persistent insomnia,Brain & Mental Health
PGS018977,Organic or persistent insomnia,Brain & Mental Health
PGS018978,Organic or persistent insomnia,Brain & Mental Health
PGS018979,Organic or persistent insomnia,Brain & Mental Health
PGS018980,Organic or persistent insomnia,Brain & Mental Health
PGS012588,Oropharynx cancer,Cancer
PGS001290,Osteoarthritis,"Bone, Joint & Muscle Health"
PGS001882,Osteoarthrosis,"Bone, Joint & Muscle Health"
PGS002094,Osteoarthrosis,"Bone, Joint & Muscle Health"
PGS001273,Osteoporosis,"Bone, Joint & Muscle Health"
PGS001883,Osteoporosis,"Bone, Joint & Muscle Health"
PGS002095,Osteoporosis,"Bone, Joint & Muscle Health"
PGS002768,Osteoporosis,"Bone, Joint & Muscle Health"
PGS004495,Osteoporosis,"Bone, Joint & Muscle Health"
PGS004565,Osteoporosis,"Bone, Joint & Muscle Health"
PGS004809,Osteoporosis,"Bone, Joint & Muscle Health"
PGS004810,Osteoporosis,"Bone, Joint & Muscle Health"
PGS005146,Osteoporosis,"Bone, Joint & Muscle Health"
PGS005155,Osteoporosis,"Bone, Joint & Muscle Health"
PGS019727,Osteoporosis NOS,"Bone, Joint & Muscle Health"
PGS019728,Osteoporosis NOS,"Bone, Joint & Muscle Health"
PGS019729,Osteoporosis NOS,"Bone, Joint & Muscle Health"
PGS019730,Osteoporosis NOS,"Bone, Joint & Muscle Health"
PGS019731,Osteoporosis NOS,"Bone, Joint & Muscle Health"
PGS019722,Osteoporosis osteopenia and pathological fracture,"Bone, Joint & Muscle Health"
PGS019723,Osteoporosis osteopenia and pathological fracture,"Bone, Joint & Muscle Health"
PGS019724,Osteoporosis osteopenia and pathological fracture,"Bone, Joint & Muscle Health"
PGS019725,Osteoporosis osteopenia and pathological fracture,"Bone, Joint & Muscle Health"
PGS019726,Osteoporosis osteopenia and pathological fracture,"Bone, Joint & Muscle Health"
PGS001274,Osteoporosis without pathological fracture (time-to-event),"Bone, Joint & Muscle Health"
PGS018886,Other anemias,Blood & Biomarkers
PGS018887,Other anemias,Blood & Biomarkers
PGS018888,Other anemias,Blood & Biomarkers
PGS018889,Other anemias,Blood & Biomarkers
PGS018890,Other anemias,Blood & Biomarkers
PGS001877,Other arthropathies,"Bone, Joint & Muscle Health"
PGS002090,Other arthropathies,"Bone, Joint & Muscle Health"
PGS019677,Other arthropathies,"Bone, Joint & Muscle Health"
PGS019678,Other arthropathies,"Bone, Joint & Muscle Health"
PGS019679,Other arthropathies,"Bone, Joint & Muscle Health"
PGS019680,Other arthropathies,"Bone, Joint & Muscle Health"
PGS019681,Other arthropathies,"Bone, Joint & Muscle Health"
PGS001862,Other biliary tract disease,Digestive & Liver Health
PGS002073,Other biliary tract disease,Digestive & Liver Health
PGS019390,Other biliary tract disease,Digestive & Liver Health
PGS019391,Other biliary tract disease,Digestive & Liver Health
PGS019392,Other biliary tract disease,Digestive & Liver Health
PGS019393,Other biliary tract disease,Digestive & Liver Health
PGS019394,Other biliary tract disease,Digestive & Liver Health
PGS001303,Other cataract (time-to-event),Eye Health
PGS019170,Other chronic ischemic heart disease unspecified,Cardiovascular & Cholesterol
PGS019171,Other chronic ischemic heart disease unspecified,Cardiovascular & Cholesterol
PGS019172,Other chronic ischemic heart disease unspecified,Cardiovascular & Cholesterol
PGS019173,Other chronic ischemic heart disease unspecified,Cardiovascular & Cholesterol
PGS019174,Other chronic ischemic heart disease unspecified,Cardiovascular & Cholesterol
PGS001860,Other chronic nonalcoholic liver disease,Digestive & Liver Health
PGS002071,Other chronic nonalcoholic liver disease,Digestive & Liver Health
PGS019360,Other chronic nonalcoholic liver disease,Digestive & Liver Health
PGS019361,Other chronic nonalcoholic liver disease,Digestive & Liver Health
PGS019362,Other chronic nonalcoholic liver disease,Digestive & Liver Health
PGS019363,Other chronic nonalcoholic liver disease,Digestive & Liver Health
PGS019364,Other chronic nonalcoholic liver disease,Digestive & Liver Health
PGS001334,Other chronic obstructive pulmonary disease (time-to-event),Lung & Respiratory
PGS001033,Other coagulation defects (time-to-event),Blood & Biomarkers
PGS000927,Other dermatitis (time-to-event),Immune & Autoimmune
PGS001516,Other diseases of intestine (time-to-event),Digestive & Liver Health
PGS001293,Other diseases of liver (time-to-event),Digestive & Liver Health
PGS001029,Other disorders of cornea (time-to-event),Eye Health
PGS019066,Other disorders of eye,Eye Health
PGS019067,Other disorders of eye,Eye Health
PGS019068,Other disorders of eye,Eye Health
PGS019069,Other disorders of eye,Eye Health
PGS019070,Other disorders of eye,Eye Health
PGS019370,Other disorders of liver,Digestive & Liver Health
PGS019371,Other disorders of liver,Digestive & Liver Health
PGS019372,Other disorders of liver,Digestive & Liver Health
PGS019373,Other disorders of liver,Digestive & Liver Health
PGS019374,Other disorders of liver,Digestive & Liver Health
PGS018834,Other disorders of metabolism,Metabolism & Hormones
PGS018835,Other disorders of metabolism,Metabolism & Hormones
PGS018836,Other disorders of metabolism,Metabolism & Hormones
PGS018837,Other disorders of metabolism,Metabolism & Hormones
PGS018838,Other disorders of metabolism,Metabolism & Hormones
PGS018781,Other disorders of pancreatic internal secretion,Metabolism & Hormones
PGS018782,Other disorders of pancreatic internal secretion,Metabolism & Hormones
PGS018783,Other disorders of pancreatic internal secretion,Metabolism & Hormones
PGS018784,Other disorders of pancreatic internal secretion,Metabolism & Hormones
PGS018785,Other disorders of pancreatic internal secretion,Metabolism & Hormones
PGS001014,Other disorders of pancreatic internal secretion (time-to-event),Metabolism & Hormones
PGS018839,Other disorders of purine and pyrimidine metabolism,Kidney & Urinary Health
PGS018840,Other disorders of purine and pyrimidine metabolism,Kidney & Urinary Health
PGS018841,Other disorders of purine and pyrimidine metabolism,Kidney & Urinary Health
PGS018842,Other disorders of purine and pyrimidine metabolism,Kidney & Urinary Health
PGS018843,Other disorders of purine and pyrimidine metabolism,Kidney & Urinary Health
PGS019448,Other disorders of the kidney and ureters,Kidney & Urinary Health
PGS019449,Other disorders of the kidney and ureters,Kidney & Urinary Health
PGS019450,Other disorders of the kidney and ureters,Kidney & Urinary Health
PGS019451,Other disorders of the kidney and ureters,Kidney & Urinary Health
PGS019452,Other disorders of the kidney and ureters,Kidney & Urinary Health
PGS018707,Other disorders of thyroid,Metabolism & Hormones
PGS018708,Other disorders of thyroid,Metabolism & Hormones
PGS018709,Other disorders of thyroid,Metabolism & Hormones
PGS018710,Other disorders of thyroid,Metabolism & Hormones
PGS018711,Other disorders of thyroid,Metabolism & Hormones
PGS019497,Other disorders of urethra and urinary tract,Kidney & Urinary Health
PGS019498,Other disorders of urethra and urinary tract,Kidney & Urinary Health
PGS019499,Other disorders of urethra and urinary tract,Kidney & Urinary Health
PGS019500,Other disorders of urethra and urinary tract,Kidney & Urinary Health
PGS019501,Other disorders of urethra and urinary tract,Kidney & Urinary Health
PGS019175,Other forms of chronic heart disease,Cardiovascular & Cholesterol
PGS019176,Other forms of chronic heart disease,Cardiovascular & Cholesterol
PGS019177,Other forms of chronic heart disease,Cardiovascular & Cholesterol
PGS019178,Other forms of chronic heart disease,Cardiovascular & Cholesterol
PGS019179,Other forms of chronic heart disease,Cardiovascular & Cholesterol
PGS019144,Other hypertensive complications,Cardiovascular & Cholesterol
PGS019145,Other hypertensive complications,Cardiovascular & Cholesterol
PGS019146,Other hypertensive complications,Cardiovascular & Cholesterol
PGS019147,Other hypertensive complications,Cardiovascular & Cholesterol
PGS019148,Other hypertensive complications,Cardiovascular & Cholesterol
PGS001181,Other hypothyroidism (time-to-event),Metabolism & Hormones
PGS019666,Other inflammatory spondylopathies,Immune & Autoimmune
PGS019667,Other inflammatory spondylopathies,Immune & Autoimmune
PGS019668,Other inflammatory spondylopathies,Immune & Autoimmune
PGS019669,Other inflammatory spondylopathies,Immune & Autoimmune
PGS019670,Other inflammatory spondylopathies,Immune & Autoimmune
PGS001251,Other interstitial pulmonary diseases (time-to-event),Lung & Respiratory
PGS000932,Other intervertebral disk disorders (time-to-event),"Bone, Joint & Muscle Health"
PGS018946,Other mental disorder,Brain & Mental Health
PGS018947,Other mental disorder,Brain & Mental Health
PGS018948,Other mental disorder,Brain & Mental Health
PGS018949,Other mental disorder,Brain & Mental Health
PGS018950,Other mental disorder,Brain & Mental Health
PGS001319,Other metabolic disorders (time-to-event),Metabolism & Hormones
PGS000433,Other non-epithelial skin cancer,Cancer
PGS000434,Other non-epithelial skin cancer,Cancer
PGS000435,Other non-epithelial skin cancer,Cancer
PGS000436,Other non-epithelial skin cancer,Cancer
PGS000437,Other non-epithelial skin cancer,Cancer
PGS000438,Other non-epithelial skin cancer,Cancer
PGS000439,Other non-epithelial skin cancer,Cancer
PGS000440,Other non-epithelial skin cancer,Cancer
PGS000441,Other non-epithelial skin cancer,Cancer
PGS000442,Other non-epithelial skin cancer,Cancer
PGS000443,Other non-epithelial skin cancer,Cancer
PGS000444,Other non-epithelial skin cancer,Cancer
PGS019542,Other nonmalignant breast conditions,Reproductive Health
PGS019543,Other nonmalignant breast conditions,Reproductive Health
PGS019544,Other nonmalignant breast conditions,Reproductive Health
PGS019545,Other nonmalignant breast conditions,Reproductive Health
PGS019546,Other nonmalignant breast conditions,Reproductive Health
PGS000928,Other non-toxic goitre (time-to-event),Metabolism & Hormones
PGS001832,Other peripheral nerve disorders,Brain & Mental Health
PGS002039,Other peripheral nerve disorders,Brain & Mental Health
PGS018901,Other persistent mental disorders due to conditions classified elsewhere,Brain & Mental Health
PGS018902,Other persistent mental disorders due to conditions classified elsewhere,Brain & Mental Health
PGS018903,Other persistent mental disorders due to conditions classified elsewhere,Brain & Mental Health
PGS018904,Other persistent mental disorders due to conditions classified elsewhere,Brain & Mental Health
PGS018905,Other persistent mental disorders due to conditions classified elsewhere,Brain & Mental Health
PGS019011,Other retinal disorders,Eye Health
PGS019012,Other retinal disorders,Eye Health
PGS019013,Other retinal disorders,Eye Health
PGS019014,Other retinal disorders,Eye Health
PGS019015,Other retinal disorders,Eye Health
PGS001275,Other retinal disorders (time-to-event),Eye Health
PGS001309,Other rheumatoid arthritis (time-to-event),Immune & Autoimmune
PGS018861,Other specified disorders involving the immune mechanism,Immune & Autoimmune
PGS018862,Other specified disorders involving the immune mechanism,Immune & Autoimmune
PGS018863,Other specified disorders involving the immune mechanism,Immune & Autoimmune
PGS018864,Other specified disorders involving the immune mechanism,Immune & Autoimmune
PGS018865,Other specified disorders involving the immune mechanism,Immune & Autoimmune
PGS018916,Other specified nonpsychotic and or transient mental disorders,Brain & Mental Health
PGS018917,Other specified nonpsychotic and or transient mental disorders,Brain & Mental Health
PGS018918,Other specified nonpsychotic and or transient mental disorders,Brain & Mental Health
PGS018919,Other specified nonpsychotic and or transient mental disorders,Brain & Mental Health
PGS018920,Other specified nonpsychotic and or transient mental disorders,Brain & Mental Health
PGS000960,Other systemic involvement of connective tissue (time-to-event),Immune & Autoimmune
PGS019255,Other venous embolism and thrombosis,Cardiovascular & Cholesterol
PGS019256,Other venous embolism and thrombosis,Cardiovascular & Cholesterol
PGS019257,Other venous embolism and thrombosis,Cardiovascular & Cholesterol
PGS019258,Other venous embolism and thrombosis,Cardiovascular & Cholesterol
PGS019259,Other venous embolism and thrombosis,Cardiovascular & Cholesterol
PGS002046,Otosclerosis,Hearing & Ear Health
PGS001255,Otosclerosis (time-to-event),Hearing & Ear Health
PGS000048,Ovarian cancer,Cancer
PGS000082,Ovarian cancer,Cancer
PGS000158,Ovarian cancer,Cancer
PGS000793,Ovarian cancer,Cancer
PGS003741,Ovarian cancer,Cancer
PGS004249,Ovarian cancer,Cancer
PGS004692,Ovarian cancer,Cancer
PGS005166,Ovarian cancer,Cancer
PGS000219,Ovarian cancer-related tumor marker CA 125 (CA-125) serum levels,Cancer
PGS003385,Ovarian serous carcinoma,Cancer
PGS018844,Overweight obesity and other hyperalimentation,Metabolism & Hormones
PGS018845,Overweight obesity and other hyperalimentation,Metabolism & Hormones
PGS018846,Overweight obesity and other hyperalimentation,Metabolism & Hormones
PGS018847,Overweight obesity and other hyperalimentation,Metabolism & Hormones
PGS018848,Overweight obesity and other hyperalimentation,Metabolism & Hormones
PGS018849,Overweight obesity and other hyperalimentation,Metabolism & Hormones
PGS001825,"Overweight, obesity and other hyperalimentation",Metabolism & Hormones
PGS002033,"Overweight, obesity and other hyperalimentation",Metabolism & Hormones
PGS019687,Palindromic rheumatism,Immune & Autoimmune
PGS019688,Palindromic rheumatism,Immune & Autoimmune
PGS019689,Palindromic rheumatism,Immune & Autoimmune
PGS019690,Palindromic rheumatism,Immune & Autoimmune
PGS019691,Palindromic rheumatism,Immune & Autoimmune
PGS000083,Pancreatic cancer,Cancer
PGS000159,Pancreatic cancer,Cancer
PGS000385,Pancreatic cancer,Cancer
PGS000386,Pancreatic cancer,Cancer
PGS000663,Pancreatic cancer,Cancer
PGS000725,Pancreatic cancer,Cancer
PGS000794,Pancreatic cancer,Cancer
PGS002740,Pancreatic cancer,Cancer
PGS004250,Pancreatic cancer,Cancer
PGS004693,Pancreatic cancer,Cancer
PGS002264,Pancreatic ductal adenocarcinoma,Cancer
PGS000123,Parkinson's disease,Brain & Mental Health
PGS000902,Parkinson's disease,Brain & Mental Health
PGS000903,Parkinson's disease,Brain & Mental Health
PGS001353,Parkinson's disease,Brain & Mental Health
PGS001774,Parkinson's disease,Brain & Mental Health
PGS003763,Parkinson's disease,Brain & Mental Health
PGS004924,Parkinson's disease,Brain & Mental Health
PGS012584,Parkinson's disease,Brain & Mental Health
PGS019190,Paroxysmal tachycardia unspecified,Cardiovascular & Cholesterol
PGS019191,Paroxysmal tachycardia unspecified,Cardiovascular & Cholesterol
PGS019192,Paroxysmal tachycardia unspecified,Cardiovascular & Cholesterol
PGS019193,Paroxysmal tachycardia unspecified,Cardiovascular & Cholesterol
PGS019194,Paroxysmal tachycardia unspecified,Cardiovascular & Cholesterol
PGS005256,Peak aortic velocity,Cardiovascular & Cholesterol
PGS004434,Peak expiratory flow (PEF),Lung & Respiratory
PGS012539,Pediatric steroid-sensitive nephrotic syndrome,Kidney & Urinary Health
PGS001277,PE +/- DVT,Cardiovascular & Cholesterol
PGS001009,PEF,Lung & Respiratory
PGS001010,PEF pred. ratio,Lung & Respiratory
PGS002288,Pelvic organ prolapse,Reproductive Health
PGS012562,Peptic ulcer disease,Digestive & Liver Health
PGS019330,Peptic ulcer excl esophageal,Digestive & Liver Health
PGS019331,Peptic ulcer excl esophageal,Digestive & Liver Health
PGS019332,Peptic ulcer excl esophageal,Digestive & Liver Health
PGS019333,Peptic ulcer excl esophageal,Digestive & Liver Health
PGS019334,Peptic ulcer excl esophageal,Digestive & Liver Health
PGS001225,Percentage of hematocrit,Blood & Biomarkers
PGS019310,Periodontitis acute or chronic,Dental & Oral Health
PGS019311,Periodontitis acute or chronic,Dental & Oral Health
PGS019312,Periodontitis acute or chronic,Dental & Oral Health
PGS019313,Periodontitis acute or chronic,Dental & Oral Health
PGS019314,Periodontitis acute or chronic,Dental & Oral Health
PGS012546,Peripheral arterial disease,Cardiovascular & Cholesterol
PGS005158,Peripheral artery disease,Cardiovascular & Cholesterol
PGS005217,Peripheral artery disease,Cardiovascular & Cholesterol
PGS019021,Peripheral retinal degenerations,Eye Health
PGS019022,Peripheral retinal degenerations,Eye Health
PGS019023,Peripheral retinal degenerations,Eye Health
PGS019024,Peripheral retinal degenerations,Eye Health
PGS019025,Peripheral retinal degenerations,Eye Health
PGS001843,"Peripheral vascular disease, unspecified",Cardiovascular & Cholesterol
PGS002055,"Peripheral vascular disease, unspecified",Cardiovascular & Cholesterol
PGS001280,PE (time-to-event),Cardiovascular & Cholesterol
PGS001844,Phlebitis and thrombophlebitis,Cardiovascular & Cholesterol
PGS002056,Phlebitis and thrombophlebitis,Cardiovascular & Cholesterol
PGS000961,Phlebitis and thrombophlebitis (time-to-event),Cardiovascular & Cholesterol
PGS000109,Platelet count,Blood & Biomarkers
PGS000186,Platelet count,Blood & Biomarkers
PGS001238,Platelet count,Blood & Biomarkers
PGS001973,Platelet count,Blood & Biomarkers
PGS002191,Platelet count,Blood & Biomarkers
PGS002343,Platelet count,Blood & Biomarkers
PGS002373,Platelet count,Blood & Biomarkers
PGS002415,Platelet count,Blood & Biomarkers
PGS002464,Platelet count,Blood & Biomarkers
PGS002513,Platelet count,Blood & Biomarkers
PGS002562,Platelet count,Blood & Biomarkers
PGS002611,Platelet count,Blood & Biomarkers
PGS002660,Platelet count,Blood & Biomarkers
PGS002709,Platelet count,Blood & Biomarkers
PGS003546,Platelet count,Blood & Biomarkers
PGS003932,Platelet count,Blood & Biomarkers
PGS004352,Platelet count,Blood & Biomarkers
PGS004811,Platelet count,Blood & Biomarkers
PGS004812,Platelet count,Blood & Biomarkers
PGS004813,Platelet count,Blood & Biomarkers
PGS004814,Platelet count,Blood & Biomarkers
PGS019803,Platelet count,Blood & Biomarkers
PGS019827,Platelet count,Blood & Biomarkers
PGS019851,Platelet count,Blood & Biomarkers
PGS019875,Platelet count,Blood & Biomarkers
PGS019899,Platelet count,Blood & Biomarkers
PGS004582,Platelet count during the first trimester,Blood & Biomarkers
PGS004583,Platelet count during the second trimester,Blood & Biomarkers
PGS004584,Platelet count during the third trimester,Blood & Biomarkers
PGS005193,Platelet count variance,Blood & Biomarkers
PGS019280,Pneumonia,Lung & Respiratory
PGS019281,Pneumonia,Lung & Respiratory
PGS019282,Pneumonia,Lung & Respiratory
PGS019283,Pneumonia,Lung & Respiratory
PGS019284,Pneumonia,Lung & Respiratory
PGS001810,Polycythemia vera,Cancer
PGS001051,Polymyalgia rheumatica,Immune & Autoimmune
PGS001878,Polymyalgia rheumatica,Immune & Autoimmune
PGS002091,Polymyalgia rheumatica,Immune & Autoimmune
PGS018734,Polyneuropathy in diabetes,Brain & Mental Health
PGS018735,Polyneuropathy in diabetes,Brain & Mental Health
PGS018736,Polyneuropathy in diabetes,Brain & Mental Health
PGS018737,Polyneuropathy in diabetes,Brain & Mental Health
PGS018738,Polyneuropathy in diabetes,Brain & Mental Health
PGS018739,Polyneuropathy in diabetes,Brain & Mental Health
PGS001521,PQ interval,Cardiovascular & Cholesterol
PGS001904,PQ interval,Cardiovascular & Cholesterol
PGS002118,PQ interval,Cardiovascular & Cholesterol
PGS003499,PQ interval,Cardiovascular & Cholesterol
PGS003586,Pre-eclampsia,Reproductive Health
PGS004593,Preeclampsia,Reproductive Health
PGS001278,previously: Blood clot in the leg (DVT) or lung,Cardiovascular & Cholesterol
PGS001279,previously: Blood clot in the lung,Cardiovascular & Cholesterol
PGS000350,Primary open-angle glaucoma,Eye Health
PGS001792,Primary open-angle glaucoma,Eye Health
PGS001797,Primary open-angle glaucoma,Eye Health
PGS002741,Primary open-angle glaucoma,Eye Health
PGS004944,Primary open-angle glaucoma,Eye Health
PGS000764,Primary-open angle glaucoma,Eye Health
PGS000735,PR interval,Cardiovascular & Cholesterol
PGS000904,PR interval,Cardiovascular & Cholesterol
PGS000905,PR interval,Cardiovascular & Cholesterol
PGS000142,"Probable Depression (low mood or anhedonia, and seen a GP or psychiatrist for nerves, anxiety, tension or depression)",Brain & Mental Health
PGS000201,Problematic alcohol use,Brain & Mental Health
PGS000202,Problematic alcohol use,Brain & Mental Health
PGS005214,Problematic alcohol use,Brain & Mental Health
PGS003383,Prostate adenocarcinoma,Cancer
PGS000030,Prostate cancer,Cancer
PGS000044,Prostate cancer,Cancer
PGS000049,Prostate cancer,Cancer
PGS000067,Prostate cancer,Cancer
PGS000084,Prostate cancer,Cancer
PGS000160,Prostate cancer,Cancer
PGS000333,Prostate cancer,Cancer
PGS000348,Prostate cancer,Cancer
PGS000565,Prostate cancer,Cancer
PGS000566,Prostate cancer,Cancer
PGS000567,Prostate cancer,Cancer
PGS000568,Prostate cancer,Cancer
PGS000569,Prostate cancer,Cancer
PGS000570,Prostate cancer,Cancer
PGS000571,Prostate cancer,Cancer
PGS000572,Prostate cancer,Cancer
PGS000573,Prostate cancer,Cancer
PGS000574,Prostate cancer,Cancer
PGS000575,Prostate cancer,Cancer
PGS000576,Prostate cancer,Cancer
PGS000577,Prostate cancer,Cancer
PGS000578,Prostate cancer,Cancer
PGS000579,Prostate cancer,Cancer
PGS000580,Prostate cancer,Cancer
PGS000581,Prostate cancer,Cancer
PGS000582,Prostate cancer,Cancer
PGS000583,Prostate cancer,Cancer
PGS000584,Prostate cancer,Cancer
PGS000585,Prostate cancer,Cancer
PGS000586,Prostate cancer,Cancer
PGS000587,Prostate cancer,Cancer
PGS000588,Prostate cancer,Cancer
PGS000589,Prostate cancer,Cancer
PGS000590,Prostate cancer,Cancer
PGS000591,Prostate cancer,Cancer
PGS000592,Prostate cancer,Cancer
PGS000662,Prostate cancer,Cancer
PGS000714,Prostate cancer,Cancer
PGS000719,Prostate cancer,Cancer
PGS000733,Prostate cancer,Cancer
PGS000741,Prostate cancer,Cancer
PGS000742,Prostate cancer,Cancer
PGS000751,Prostate cancer,Cancer
PGS000795,Prostate cancer,Cancer
PGS000878,Prostate cancer,Cancer
PGS000881,Prostate cancer,Cancer
PGS001291,Prostate cancer,Cancer
PGS001805,Prostate cancer,Cancer
PGS002016,Prostate cancer,Cancer
PGS002240,Prostate cancer,Cancer
PGS002241,Prostate cancer,Cancer
PGS002268,Prostate cancer,Cancer
PGS002791,Prostate cancer,Cancer
PGS002792,Prostate cancer,Cancer
PGS002793,Prostate cancer,Cancer
PGS002796,Prostate cancer,Cancer
PGS002797,Prostate cancer,Cancer
PGS002798,Prostate cancer,Cancer
PGS002799,Prostate cancer,Cancer
PGS003331,Prostate cancer,Cancer
PGS003415,Prostate cancer,Cancer
PGS003418,Prostate cancer,Cancer
PGS003419,Prostate cancer,Cancer
PGS003460,Prostate cancer,Cancer
PGS003765,Prostate cancer,Cancer
PGS003766,Prostate cancer,Cancer
PGS003985,Prostate cancer,Cancer
PGS004001,Prostate cancer,Cancer
PGS004027,Prostate cancer,Cancer
PGS004042,Prostate cancer,Cancer
PGS004055,Prostate cancer,Cancer
PGS004071,Prostate cancer,Cancer
PGS004085,Prostate cancer,Cancer
PGS004099,Prostate cancer,Cancer
PGS004109,Prostate cancer,Cancer
PGS004125,Prostate cancer,Cancer
PGS004139,Prostate cancer,Cancer
PGS004155,Prostate cancer,Cancer
PGS004251,Prostate cancer,Cancer
PGS004581,Prostate cancer,Cancer
PGS004599,Prostate cancer,Cancer
PGS004601,Prostate cancer,Cancer
PGS004694,Prostate cancer,Cancer
PGS004815,Prostate cancer,Cancer
PGS004816,Prostate cancer,Cancer
PGS004872,Prostate cancer,Cancer
PGS005167,Prostate cancer,Cancer
PGS005205,Prostate cancer,Cancer
PGS018560,Prostate cancer,Cancer
PGS018561,Prostate cancer,Cancer
PGS018562,Prostate cancer,Cancer
PGS018563,Prostate cancer,Cancer
PGS018564,Prostate cancer,Cancer
PGS005237,Prostate carcinoma,Cancer
PGS005238,Prostate carcinoma,Cancer
PGS005239,Prostate carcinoma,Cancer
PGS005240,Prostate carcinoma,Cancer
PGS005241,Prostate carcinoma,Cancer
PGS005395,Prostate carcinoma,Cancer
PGS005098,Prostate specific antigen,Reproductive Health
PGS005099,Prostate specific antigen,Reproductive Health
PGS005100,Prostate specific antigen,Reproductive Health
PGS005101,Prostate specific antigen,Reproductive Health
PGS003378,Prostate-specific antigen (PSA) levels,Reproductive Health
PGS003379,Prostate-specific antigen (PSA) levels,Reproductive Health
PGS005107,Prostate-specific antigen (PSA) levels,Reproductive Health
PGS004324,Prurigo nodularis,Skin Health
PGS001312,Psoriasis,Immune & Autoimmune
PGS001871,Psoriasis,Immune & Autoimmune
PGS002083,Psoriasis,Immune & Autoimmune
PGS002293,Psoriasis,Immune & Autoimmune
PGS002344,Psoriasis,Immune & Autoimmune
PGS002416,Psoriasis,Immune & Autoimmune
PGS002465,Psoriasis,Immune & Autoimmune
PGS002514,Psoriasis,Immune & Autoimmune
PGS002563,Psoriasis,Immune & Autoimmune
PGS002612,Psoriasis,Immune & Autoimmune
PGS002661,Psoriasis,Immune & Autoimmune
PGS002710,Psoriasis,Immune & Autoimmune
PGS004260,Psoriasis,Immune & Autoimmune
PGS004261,Psoriasis,Immune & Autoimmune
PGS004262,Psoriasis,Immune & Autoimmune
PGS004263,Psoriasis,Immune & Autoimmune
PGS004264,Psoriasis,Immune & Autoimmune
PGS004315,Psoriasis,Immune & Autoimmune
PGS004316,Psoriasis,Immune & Autoimmune
PGS004317,Psoriasis,Immune & Autoimmune
PGS005307,Psoriasis,Immune & Autoimmune
PGS005308,Psoriasis,Immune & Autoimmune
PGS005309,Psoriasis,Immune & Autoimmune
PGS005310,Psoriasis,Immune & Autoimmune
PGS005311,Psoriasis,Immune & Autoimmune
PGS005312,Psoriasis,Immune & Autoimmune
PGS019611,Psoriasis,Immune & Autoimmune
PGS019612,Psoriasis,Immune & Autoimmune
PGS019613,Psoriasis,Immune & Autoimmune
PGS019614,Psoriasis,Immune & Autoimmune
PGS019615,Psoriasis,Immune & Autoimmune
PGS019616,Psoriasis,Immune & Autoimmune
PGS019605,Psoriasis and related disorders,Immune & Autoimmune
PGS019606,Psoriasis and related disorders,Immune & Autoimmune
PGS019607,Psoriasis and related disorders,Immune & Autoimmune
PGS019608,Psoriasis and related disorders,Immune & Autoimmune
PGS019609,Psoriasis and related disorders,Immune & Autoimmune
PGS019610,Psoriasis and related disorders,Immune & Autoimmune
PGS001313,Psoriasis (time-to-event),Immune & Autoimmune
PGS019617,Psoriasis vulgaris,Immune & Autoimmune
PGS019618,Psoriasis vulgaris,Immune & Autoimmune
PGS019619,Psoriasis vulgaris,Immune & Autoimmune
PGS019620,Psoriasis vulgaris,Immune & Autoimmune
PGS019621,Psoriasis vulgaris,Immune & Autoimmune
PGS019622,Psoriasis vulgaris,Immune & Autoimmune
PGS001522,Psoriatic and enteropathic arthropathies (time-to-event),Immune & Autoimmune
PGS000198,Psoriatic arthritis,Immune & Autoimmune
PGS000342,Psoriatic arthritis,Immune & Autoimmune
PGS000343,Psoriatic arthritis,Immune & Autoimmune
PGS001287,Psoriatic arthropathy,Immune & Autoimmune
PGS019623,Psoriatic arthropathy,Immune & Autoimmune
PGS019624,Psoriatic arthropathy,Immune & Autoimmune
PGS019625,Psoriatic arthropathy,Immune & Autoimmune
PGS019626,Psoriatic arthropathy,Immune & Autoimmune
PGS019627,Psoriatic arthropathy,Immune & Autoimmune
PGS019628,Psoriatic arthropathy,Immune & Autoimmune
PGS003861,Pulmonary embolism,Cardiovascular & Cholesterol
PGS001030,Pulmonary fibrosis,Lung & Respiratory
PGS001840,Pulmonary heart disease,Cardiovascular & Cholesterol
PGS002049,Pulmonary heart disease,Cardiovascular & Cholesterol
PGS003477,Pulse pressure,Cardiovascular & Cholesterol
PGS004605,Pulse pressure,Cardiovascular & Cholesterol
PGS019804,Pulse pressure,Cardiovascular & Cholesterol
PGS019828,Pulse pressure,Cardiovascular & Cholesterol
PGS019852,Pulse pressure,Cardiovascular & Cholesterol
PGS019876,Pulse pressure,Cardiovascular & Cholesterol
PGS019900,Pulse pressure,Cardiovascular & Cholesterol
PGS019914,Pulse pressure,Cardiovascular & Cholesterol
PGS005352,Pulse Pressure,Cardiovascular & Cholesterol
PGS001523,Pulse rate,Cardiovascular & Cholesterol
PGS004327,Pulse rate,Cardiovascular & Cholesterol
PGS001975,"Pulse rate, automated reading",Cardiovascular & Cholesterol
PGS002193,"Pulse rate, automated reading",Cardiovascular & Cholesterol
PGS003550,"Pulse rate, automated reading",Cardiovascular & Cholesterol
PGS004370,"Pulse rate, automated reading",Cardiovascular & Cholesterol
PGS001524,Pulse rate (during blood-pressure measurement),Cardiovascular & Cholesterol
PGS000736,QRS duration,Cardiovascular & Cholesterol
PGS001525,QRS duration,Cardiovascular & Cholesterol
PGS001948,QRS duration,Cardiovascular & Cholesterol
PGS002166,QRS duration,Cardiovascular & Cholesterol
PGS003529,QRS duration,Cardiovascular & Cholesterol
PGS002276,QTc duration,Cardiovascular & Cholesterol
PGS001906,QTc interval,Cardiovascular & Cholesterol
PGS002120,QTc interval,Cardiovascular & Cholesterol
PGS003501,QTc interval,Cardiovascular & Cholesterol
PGS001527,QTc interval (QT interval according to Bazett),Cardiovascular & Cholesterol
PGS001526,QT interval,Cardiovascular & Cholesterol
PGS001905,QT interval,Cardiovascular & Cholesterol
PGS002119,QT interval,Cardiovascular & Cholesterol
PGS003500,QT interval,Cardiovascular & Cholesterol
PGS000768,QT-interval,Cardiovascular & Cholesterol
PGS001258,Radius fracture,"Bone, Joint & Muscle Health"
PGS000664,Rapid decline of glomerular filtration rate (GFR),Kidney & Urinary Health
PGS001110,Reactive arthropathies (time-to-event),"Bone, Joint & Muscle Health"
PGS001899,Recent feelings of depression,Brain & Mental Health
PGS002112,Recent feelings of depression,Brain & Mental Health
PGS002098,Recent poor appetite or overeating,Brain & Mental Health
PGS000110,Red blood cell count,Blood & Biomarkers
PGS000187,Red blood cell count,Blood & Biomarkers
PGS001240,Red blood cell count,Blood & Biomarkers
PGS002345,Red blood cell count,Blood & Biomarkers
PGS002374,Red blood cell count,Blood & Biomarkers
PGS002417,Red blood cell count,Blood & Biomarkers
PGS002466,Red blood cell count,Blood & Biomarkers
PGS002515,Red blood cell count,Blood & Biomarkers
PGS002564,Red blood cell count,Blood & Biomarkers
PGS002613,Red blood cell count,Blood & Biomarkers
PGS002662,Red blood cell count,Blood & Biomarkers
PGS002711,Red blood cell count,Blood & Biomarkers
PGS003478,Red blood cell count,Blood & Biomarkers
PGS004821,Red blood cell count,Blood & Biomarkers
PGS004822,Red blood cell count,Blood & Biomarkers
PGS004823,Red blood cell count,Blood & Biomarkers
PGS004824,Red blood cell count,Blood & Biomarkers
PGS019805,Red blood cell count,Blood & Biomarkers
PGS019829,Red blood cell count,Blood & Biomarkers
PGS019853,Red blood cell count,Blood & Biomarkers
PGS019877,Red blood cell count,Blood & Biomarkers
PGS019901,Red blood cell count,Blood & Biomarkers
PGS005195,Red blood cell count variance,Blood & Biomarkers
PGS001152,Red blood cell distribution width,Blood & Biomarkers
PGS002346,Red blood cell distribution width,Blood & Biomarkers
PGS002418,Red blood cell distribution width,Blood & Biomarkers
PGS002467,Red blood cell distribution width,Blood & Biomarkers
PGS002516,Red blood cell distribution width,Blood & Biomarkers
PGS002565,Red blood cell distribution width,Blood & Biomarkers
PGS002614,Red blood cell distribution width,Blood & Biomarkers
PGS002663,Red blood cell distribution width,Blood & Biomarkers
PGS002712,Red blood cell distribution width,Blood & Biomarkers
PGS001908,Red blood cell (erythrocyte) distribution width,Blood & Biomarkers
PGS002122,Red blood cell (erythrocyte) distribution width,Blood & Biomarkers
PGS003503,Red blood cell (erythrocyte) distribution width,Blood & Biomarkers
PGS003931,Red blood cell (erythrocyte) distribution width,Blood & Biomarkers
PGS004351,Red blood cell (erythrocyte) distribution width,Blood & Biomarkers
PGS000188,Red cell distribution width,Blood & Biomarkers
PGS004825,Red cell distribution width,Blood & Biomarkers
PGS004826,Red cell distribution width,Blood & Biomarkers
PGS004827,Red cell distribution width,Blood & Biomarkers
PGS004828,Red cell distribution width,Blood & Biomarkers
PGS002279,Reduced left ventricular ejection fraction,Cardiovascular & Cholesterol
PGS003414,REM sleep behavior disorder,Brain & Mental Health
PGS000161,Renal cancer,Cancer
PGS003744,Renal cancer,Cancer
PGS019427,Renal failure,Kidney & Urinary Health
PGS019428,Renal failure,Kidney & Urinary Health
PGS019429,Renal failure,Kidney & Urinary Health
PGS019430,Renal failure,Kidney & Urinary Health
PGS019431,Renal failure,Kidney & Urinary Health
PGS002347,Respiratory and ear-nose-throat diseases,Lung & Respiratory
PGS002419,Respiratory and ear-nose-throat diseases,Lung & Respiratory
PGS002468,Respiratory and ear-nose-throat diseases,Lung & Respiratory
PGS002517,Respiratory and ear-nose-throat diseases,Lung & Respiratory
PGS002566,Respiratory and ear-nose-throat diseases,Lung & Respiratory
PGS002615,Respiratory and ear-nose-throat diseases,Lung & Respiratory
PGS002664,Respiratory and ear-nose-throat diseases,Lung & Respiratory
PGS002713,Respiratory and ear-nose-throat diseases,Lung & Respiratory
PGS000387,Respiratory system cancer,Cancer
PGS018515,Respiratory system cancer,Cancer
PGS018516,Respiratory system cancer,Cancer
PGS018517,Respiratory system cancer,Cancer
PGS018518,Respiratory system cancer,Cancer
PGS018519,Respiratory system cancer,Cancer
PGS019512,Retention of urine,Kidney & Urinary Health
PGS019513,Retention of urine,Kidney & Urinary Health
PGS019514,Retention of urine,Kidney & Urinary Health
PGS019515,Retention of urine,Kidney & Urinary Health
PGS019516,Retention of urine,Kidney & Urinary Health
PGS001137,Retinal detachment,Eye Health
PGS000990,Retinal detachments and breaks (time-to-event),Eye Health
PGS001833,Retinal detachments and defects,Eye Health
PGS002040,Retinal detachments and defects,Eye Health
PGS019006,Retinal detachments and defects,Eye Health
PGS019007,Retinal detachments and defects,Eye Health
PGS019008,Retinal detachments and defects,Eye Health
PGS019009,Retinal detachments and defects,Eye Health
PGS019010,Retinal detachments and defects,Eye Health
PGS001276,Retinal disorders in diseases classified elsewhere (time-to-event),Eye Health
PGS001868,Rhesus isoimmunization in pregnancy,Reproductive Health
PGS002080,Rhesus isoimmunization in pregnancy,Reproductive Health
PGS019717,Rheumatism unspecified and fibrositis,Immune & Autoimmune
PGS019718,Rheumatism unspecified and fibrositis,Immune & Autoimmune
PGS019719,Rheumatism unspecified and fibrositis,Immune & Autoimmune
PGS019720,Rheumatism unspecified and fibrositis,Immune & Autoimmune
PGS019721,Rheumatism unspecified and fibrositis,Immune & Autoimmune
PGS001310,Rheumatoid arthritis,Immune & Autoimmune
PGS001875,Rheumatoid arthritis,Immune & Autoimmune
PGS002088,Rheumatoid arthritis,Immune & Autoimmune
PGS002260,Rheumatoid arthritis,Immune & Autoimmune
PGS002745,Rheumatoid arthritis,Immune & Autoimmune
PGS003994,Rheumatoid arthritis,Immune & Autoimmune
PGS004010,Rheumatoid arthritis,Immune & Autoimmune
PGS004021,Rheumatoid arthritis,Immune & Autoimmune
PGS004049,Rheumatoid arthritis,Immune & Autoimmune
PGS004064,Rheumatoid arthritis,Immune & Autoimmune
PGS004079,Rheumatoid arthritis,Immune & Autoimmune
PGS004094,Rheumatoid arthritis,Immune & Autoimmune
PGS004103,Rheumatoid arthritis,Immune & Autoimmune
PGS004118,Rheumatoid arthritis,Immune & Autoimmune
PGS004133,Rheumatoid arthritis,Immune & Autoimmune
PGS004148,Rheumatoid arthritis,Immune & Autoimmune
PGS004163,Rheumatoid arthritis,Immune & Autoimmune
PGS004255,Rheumatoid arthritis,Immune & Autoimmune
PGS004256,Rheumatoid arthritis,Immune & Autoimmune
PGS004257,Rheumatoid arthritis,Immune & Autoimmune
PGS004258,Rheumatoid arthritis,Immune & Autoimmune
PGS004259,Rheumatoid arthritis,Immune & Autoimmune
PGS004326,Rheumatoid arthritis,Immune & Autoimmune
PGS004873,Rheumatoid arthritis,Immune & Autoimmune
PGS019661,Rheumatoid arthritis,Immune & Autoimmune
PGS019662,Rheumatoid arthritis,Immune & Autoimmune
PGS019663,Rheumatoid arthritis,Immune & Autoimmune
PGS019664,Rheumatoid arthritis,Immune & Autoimmune
PGS019665,Rheumatoid arthritis,Immune & Autoimmune
PGS004817,Rheumatoid Arthritis,Immune & Autoimmune
PGS004818,Rheumatoid Arthritis,Immune & Autoimmune
PGS004819,Rheumatoid Arthritis,Immune & Autoimmune
PGS004820,Rheumatoid Arthritis,Immune & Autoimmune
PGS019656,Rheumatoid arthritis and other inflammatory polyarthropathies,Immune & Autoimmune
PGS019657,Rheumatoid arthritis and other inflammatory polyarthropathies,Immune & Autoimmune
PGS019658,Rheumatoid arthritis and other inflammatory polyarthropathies,Immune & Autoimmune
PGS019659,Rheumatoid arthritis and other inflammatory polyarthropathies,Immune & Autoimmune
PGS019660,Rheumatoid arthritis and other inflammatory polyarthropathies,Immune & Autoimmune
PGS000194,Rheumatoid arthritis (CCP-negative),Immune & Autoimmune
PGS000195,Rheumatoid arthritis (CCP-negative),Immune & Autoimmune
PGS001138,Rheumatoid factor [> 16 IU/mL],Immune & Autoimmune
PGS000326,Rheumatoid-factor-negative Polyarthritis (Juvenile Idiophatic Arthritis),Immune & Autoimmune
PGS001039,"Right heel bone mineral density (BMD) T-score, automated","Bone, Joint & Muscle Health"
PGS000922,Sarcoidosis,Immune & Autoimmune
PGS001872,Sarcoidosis,Immune & Autoimmune
PGS002084,Sarcoidosis,Immune & Autoimmune
PGS000923,Sarcoidosis (time-to-event),Immune & Autoimmune
PGS000133,Schizophrenia,Brain & Mental Health
PGS000134,Schizophrenia,Brain & Mental Health
PGS000135,Schizophrenia,Brain & Mental Health
PGS000136,Schizophrenia,Brain & Mental Health
PGS002785,Schizophrenia,Brain & Mental Health
PGS019732,Sciatica,"Bone, Joint & Muscle Health"
PGS019733,Sciatica,"Bone, Joint & Muscle Health"
PGS019734,Sciatica,"Bone, Joint & Muscle Health"
PGS019735,Sciatica,"Bone, Joint & Muscle Health"
PGS019736,Sciatica,"Bone, Joint & Muscle Health"
PGS002085,Seborrheic keratosis,Skin Health
PGS001140,Seborrheic keratosis (time-to-event),Skin Health
PGS018600,Secondary malignancy of bone,Cancer
PGS018601,Secondary malignancy of bone,Cancer
PGS018602,Secondary malignancy of bone,Cancer
PGS018603,Secondary malignancy of bone,Cancer
PGS018604,Secondary malignancy of bone,Cancer
PGS018595,Secondary malignant neoplasm,Cancer
PGS018596,Secondary malignant neoplasm,Cancer
PGS018597,Secondary malignant neoplasm,Cancer
PGS018598,Secondary malignant neoplasm,Cancer
PGS018599,Secondary malignant neoplasm,Cancer
PGS000143,"Seen a General Practitioner for nerves, anxiety, tension or depression (without report of low mood or anhedonia)",Brain & Mental Health
PGS000141,"Seen a psychiatrist for nerves, anxiety, tension or depression",Brain & Mental Health
PGS000144,Self-reported depression or depression symptoms,Brain & Mental Health
PGS018911,Senile dementia,Brain & Mental Health
PGS018912,Senile dementia,Brain & Mental Health
PGS018913,Senile dementia,Brain & Mental Health
PGS018914,Senile dementia,Brain & Mental Health
PGS018915,Senile dementia,Brain & Mental Health
PGS019116,Sensorineural hearing loss,Hearing & Ear Health
PGS019117,Sensorineural hearing loss,Hearing & Ear Health
PGS019118,Sensorineural hearing loss,Hearing & Ear Health
PGS019119,Sensorineural hearing loss,Hearing & Ear Health
PGS019120,Sensorineural hearing loss,Hearing & Ear Health
PGS002769,Seropositive rheumatoid arthritis,Immune & Autoimmune
PGS001311,Seropositive rheumatoid arthritis (time-to-event),Immune & Autoimmune
PGS000069,Serous epithelial ovarian cancer,Cancer
PGS004747,Serum creatinine,Kidney & Urinary Health
PGS004748,Serum creatinine,Kidney & Urinary Health
PGS004749,Serum creatinine,Kidney & Urinary Health
PGS004750,Serum creatinine,Kidney & Urinary Health
PGS019807,Serum creatinine,Kidney & Urinary Health
PGS019831,Serum creatinine,Kidney & Urinary Health
PGS019855,Serum creatinine,Kidney & Urinary Health
PGS019879,Serum creatinine,Kidney & Urinary Health
PGS019903,Serum creatinine,Kidney & Urinary Health
PGS019916,Serum creatinine,Kidney & Urinary Health
PGS019789,Serum glutamate pyruvate transaminase,Digestive & Liver Health
PGS019813,Serum glutamate pyruvate transaminase,Digestive & Liver Health
PGS019837,Serum glutamate pyruvate transaminase,Digestive & Liver Health
PGS019861,Serum glutamate pyruvate transaminase,Digestive & Liver Health
PGS019885,Serum glutamate pyruvate transaminase,Digestive & Liver Health
PGS019788,Serum glutamic oxaloacetic transaminase,Digestive & Liver Health
PGS019812,Serum glutamic oxaloacetic transaminase,Digestive & Liver Health
PGS019836,Serum glutamic oxaloacetic transaminase,Digestive & Liver Health
PGS019860,Serum glutamic oxaloacetic transaminase,Digestive & Liver Health
PGS019884,Serum glutamic oxaloacetic transaminase,Digestive & Liver Health
PGS000126,Serum urate,Metabolism & Hormones
PGS000755,Serum uric acid levels,Metabolism & Hormones
PGS004938,Severe COVID-19 course,Infectious Diseases
PGS019645,Sicca syndrome,Immune & Autoimmune
PGS019646,Sicca syndrome,Immune & Autoimmune
PGS019647,Sicca syndrome,Immune & Autoimmune
PGS019648,Sicca syndrome,Immune & Autoimmune
PGS019649,Sicca syndrome,Immune & Autoimmune
PGS019650,Sicca syndrome,Immune & Autoimmune
PGS018645,Simple and unspecified goiter,Metabolism & Hormones
PGS018646,Simple and unspecified goiter,Metabolism & Hormones
PGS018647,Simple and unspecified goiter,Metabolism & Hormones
PGS018648,Simple and unspecified goiter,Metabolism & Hormones
PGS018649,Simple and unspecified goiter,Metabolism & Hormones
PGS001308,Sjogren's syndrome/sicca syndrome,Immune & Autoimmune
PGS000398,Skin cancer,Cancer
PGS000399,Skin cancer,Cancer
PGS000400,Skin cancer,Cancer
PGS000401,Skin cancer,Cancer
PGS000402,Skin cancer,Cancer
PGS000403,Skin cancer,Cancer
PGS000404,Skin cancer,Cancer
PGS000405,Skin cancer,Cancer
PGS000406,Skin cancer,Cancer
PGS000407,Skin cancer,Cancer
PGS001041,Skin cancer,Cancer
PGS001803,Skin cancer,Cancer
PGS002014,Skin cancer,Cancer
PGS004833,Skin cancer,Cancer
PGS004834,Skin cancer,Cancer
PGS003382,Skin cutaneous melanoma,Cancer
PGS003204,Sleep apnea,Lung & Respiratory
PGS003205,Sleep apnea,Lung & Respiratory
PGS003206,Sleep apnea,Lung & Respiratory
PGS003207,Sleep apnea,Lung & Respiratory
PGS003208,Sleep apnea,Lung & Respiratory
PGS003209,Sleep apnea,Lung & Respiratory
PGS003210,Sleep apnea,Lung & Respiratory
PGS003211,Sleep apnea,Lung & Respiratory
PGS003212,Sleep apnea,Lung & Respiratory
PGS003213,Sleep apnea,Lung & Respiratory
PGS003214,Sleep apnea,Lung & Respiratory
PGS003215,Sleep apnea,Lung & Respiratory
PGS003216,Sleep apnea,Lung & Respiratory
PGS003217,Sleep apnea,Lung & Respiratory
PGS003218,Sleep apnea,Lung & Respiratory
PGS001932,Sleeplessness / insomnia,Brain & Mental Health
PGS002149,Sleeplessness / insomnia,Brain & Mental Health
PGS018971,Sleep related movement disorders,Brain & Mental Health
PGS018972,Sleep related movement disorders,Brain & Mental Health
PGS018973,Sleep related movement disorders,Brain & Mental Health
PGS018974,Sleep related movement disorders,Brain & Mental Health
PGS018975,Sleep related movement disorders,Brain & Mental Health
PGS018921,Specific nonpsychotic mental disorders due to brain damage,Brain & Mental Health
PGS018922,Specific nonpsychotic mental disorders due to brain damage,Brain & Mental Health
PGS018923,Specific nonpsychotic mental disorders due to brain damage,Brain & Mental Health
PGS018924,Specific nonpsychotic mental disorders due to brain damage,Brain & Mental Health
PGS018925,Specific nonpsychotic mental disorders due to brain damage,Brain & Mental Health
PGS001529,Speed of sound through heel,"Bone, Joint & Muscle Health"
PGS001957,Speed of sound through heel,"Bone, Joint & Muscle Health"
PGS002175,Speed of sound through heel,"Bone, Joint & Muscle Health"
PGS003537,Speed of sound through heel,"Bone, Joint & Muscle Health"
PGS001530,Speed of sound through heel (L),"Bone, Joint & Muscle Health"
PGS001531,Speed of sound through heel (R),"Bone, Joint & Muscle Health"
PGS000197,Spondyloarthroparthy,"Bone, Joint & Muscle Health"
PGS004899,Spontaneous coronary artery dissection,Cardiovascular & Cholesterol
PGS000120,Squamous cell carcinoma,Cancer
PGS000460,Squamous cell carcinoma,Cancer
PGS000461,Squamous cell carcinoma,Cancer
PGS000462,Squamous cell carcinoma,Cancer
PGS000463,Squamous cell carcinoma,Cancer
PGS000464,Squamous cell carcinoma,Cancer
PGS000465,Squamous cell carcinoma,Cancer
PGS000466,Squamous cell carcinoma,Cancer
PGS000467,Squamous cell carcinoma,Cancer
PGS000468,Squamous cell carcinoma,Cancer
PGS000731,Squamous cell carcinoma,Cancer
PGS005209,Squamous cell carcinoma,Cancer
PGS001117,Started insulin within one year diagnosis of diabetes,Metabolism & Hormones
PGS005161,Stomach cancer,Cancer
PGS019325,Stomatitis and mucositis,Digestive & Liver Health
PGS019326,Stomatitis and mucositis,Digestive & Liver Health
PGS019327,Stomatitis and mucositis,Digestive & Liver Health
PGS019328,Stomatitis and mucositis,Digestive & Liver Health
PGS019329,Stomatitis and mucositis,Digestive & Liver Health
PGS000038,Stroke,Cardiovascular & Cholesterol
PGS001793,Stroke,Cardiovascular & Cholesterol
PGS001798,Stroke,Cardiovascular & Cholesterol
PGS002259,Stroke,Cardiovascular & Cholesterol
PGS002770,Stroke,Cardiovascular & Cholesterol
PGS003984,Stroke,Cardiovascular & Cholesterol
PGS004000,Stroke,Cardiovascular & Cholesterol
PGS004015,Stroke,Cardiovascular & Cholesterol
PGS004026,Stroke,Cardiovascular & Cholesterol
PGS004041,Stroke,Cardiovascular & Cholesterol
PGS004054,Stroke,Cardiovascular & Cholesterol
PGS004070,Stroke,Cardiovascular & Cholesterol
PGS004084,Stroke,Cardiovascular & Cholesterol
PGS004098,Stroke,Cardiovascular & Cholesterol
PGS004108,Stroke,Cardiovascular & Cholesterol
PGS004124,Stroke,Cardiovascular & Cholesterol
PGS004138,Stroke,Cardiovascular & Cholesterol
PGS004154,Stroke,Cardiovascular & Cholesterol
PGS004835,Stroke,Cardiovascular & Cholesterol
PGS004836,Stroke,Cardiovascular & Cholesterol
PGS005156,Stroke,Cardiovascular & Cholesterol
PGS005230,Stroke,Cardiovascular & Cholesterol
PGS012551,Stroke,Cardiovascular & Cholesterol
PGS012579,Stroke,Cardiovascular & Cholesterol
PGS001869,Superficial cellulitis and abscess,Skin Health
PGS002081,Superficial cellulitis and abscess,Skin Health
PGS019076,Suppurative and unspecified otitis media,Hearing & Ear Health
PGS019077,Suppurative and unspecified otitis media,Hearing & Ear Health
PGS019078,Suppurative and unspecified otitis media,Hearing & Ear Health
PGS019079,Suppurative and unspecified otitis media,Hearing & Ear Health
PGS019080,Suppurative and unspecified otitis media,Hearing & Ear Health
PGS002278,Supranormal left ventricular ejection fraction,Cardiovascular & Cholesterol
PGS000196,Systemic lupus erythematosus,Immune & Autoimmune
PGS000328,Systemic lupus erythematosus,Immune & Autoimmune
PGS000754,Systemic lupus erythematosus,Immune & Autoimmune
PGS000771,Systemic lupus erythematosus,Immune & Autoimmune
PGS000772,Systemic lupus erythematosus,Immune & Autoimmune
PGS000803,Systemic lupus erythematosus,Immune & Autoimmune
PGS003755,Systemic lupus erythematosus,Immune & Autoimmune
PGS003756,Systemic lupus erythematosus,Immune & Autoimmune
PGS003757,Systemic lupus erythematosus,Immune & Autoimmune
PGS003960,Systemic lupus erythematosus,Immune & Autoimmune
PGS004917,Systemic lupus erythematosus,Immune & Autoimmune
PGS019599,Systemic lupus erythematosus,Immune & Autoimmune
PGS019600,Systemic lupus erythematosus,Immune & Autoimmune
PGS019601,Systemic lupus erythematosus,Immune & Autoimmune
PGS019602,Systemic lupus erythematosus,Immune & Autoimmune
PGS019603,Systemic lupus erythematosus,Immune & Autoimmune
PGS019604,Systemic lupus erythematosus,Immune & Autoimmune
PGS000301,Systolic blood pressure,Cardiovascular & Cholesterol
PGS000913,Systolic blood pressure,Cardiovascular & Cholesterol
PGS002238,Systolic blood pressure,Cardiovascular & Cholesterol
PGS002257,Systolic blood pressure,Cardiovascular & Cholesterol
PGS002275,Systolic blood pressure,Cardiovascular & Cholesterol
PGS002349,Systolic blood pressure,Cardiovascular & Cholesterol
PGS002376,Systolic blood pressure,Cardiovascular & Cholesterol
PGS002421,Systolic blood pressure,Cardiovascular & Cholesterol
PGS002470,Systolic blood pressure,Cardiovascular & Cholesterol
PGS002519,Systolic blood pressure,Cardiovascular & Cholesterol
PGS002568,Systolic blood pressure,Cardiovascular & Cholesterol
PGS002617,Systolic blood pressure,Cardiovascular & Cholesterol
PGS002666,Systolic blood pressure,Cardiovascular & Cholesterol
PGS002715,Systolic blood pressure,Cardiovascular & Cholesterol
PGS002734,Systolic blood pressure,Cardiovascular & Cholesterol
PGS002807,Systolic blood pressure,Cardiovascular & Cholesterol
PGS003069,Systolic blood pressure,Cardiovascular & Cholesterol
PGS003070,Systolic blood pressure,Cardiovascular & Cholesterol
PGS003071,Systolic blood pressure,Cardiovascular & Cholesterol
PGS003072,Systolic blood pressure,Cardiovascular & Cholesterol
PGS003073,Systolic blood pressure,Cardiovascular & Cholesterol
PGS003074,Systolic blood pressure,Cardiovascular & Cholesterol
PGS003075,Systolic blood pressure,Cardiovascular & Cholesterol
PGS003076,Systolic blood pressure,Cardiovascular & Cholesterol
PGS003077,Systolic blood pressure,Cardiovascular & Cholesterol
PGS003078,Systolic blood pressure,Cardiovascular & Cholesterol
PGS003079,Systolic blood pressure,Cardiovascular & Cholesterol
PGS003080,Systolic blood pressure,Cardiovascular & Cholesterol
PGS003081,Systolic blood pressure,Cardiovascular & Cholesterol
PGS003082,Systolic blood pressure,Cardiovascular & Cholesterol
PGS003083,Systolic blood pressure,Cardiovascular & Cholesterol
PGS003084,Systolic blood pressure,Cardiovascular & Cholesterol
PGS003085,Systolic blood pressure,Cardiovascular & Cholesterol
PGS003086,Systolic blood pressure,Cardiovascular & Cholesterol
PGS003087,Systolic blood pressure,Cardiovascular & Cholesterol
PGS003088,Systolic blood pressure,Cardiovascular & Cholesterol
PGS003588,Systolic blood pressure,Cardiovascular & Cholesterol
PGS003882,Systolic blood pressure,Cardiovascular & Cholesterol
PGS003968,Systolic blood pressure,Cardiovascular & Cholesterol
PGS003970,Systolic blood pressure,Cardiovascular & Cholesterol
PGS003971,Systolic blood pressure,Cardiovascular & Cholesterol
PGS004231,Systolic blood pressure,Cardiovascular & Cholesterol
PGS004235,Systolic blood pressure,Cardiovascular & Cholesterol
PGS004594,Systolic blood pressure,Cardiovascular & Cholesterol
PGS004603,Systolic blood pressure,Cardiovascular & Cholesterol
PGS004829,Systolic blood pressure,Cardiovascular & Cholesterol
PGS004830,Systolic blood pressure,Cardiovascular & Cholesterol
PGS004831,Systolic blood pressure,Cardiovascular & Cholesterol
PGS004832,Systolic blood pressure,Cardiovascular & Cholesterol
PGS005008,Systolic blood pressure,Cardiovascular & Cholesterol
PGS005009,Systolic blood pressure,Cardiovascular & Cholesterol
PGS005010,Systolic blood pressure,Cardiovascular & Cholesterol
PGS005011,Systolic blood pressure,Cardiovascular & Cholesterol
PGS005012,Systolic blood pressure,Cardiovascular & Cholesterol
PGS005013,Systolic blood pressure,Cardiovascular & Cholesterol
PGS005014,Systolic blood pressure,Cardiovascular & Cholesterol
PGS005015,Systolic blood pressure,Cardiovascular & Cholesterol
PGS005016,Systolic blood pressure,Cardiovascular & Cholesterol
PGS005017,Systolic blood pressure,Cardiovascular & Cholesterol
PGS005018,Systolic blood pressure,Cardiovascular & Cholesterol
PGS005019,Systolic blood pressure,Cardiovascular & Cholesterol
PGS005020,Systolic blood pressure,Cardiovascular & Cholesterol
PGS005120,Systolic blood pressure,Cardiovascular & Cholesterol
PGS005321,Systolic blood pressure,Cardiovascular & Cholesterol
PGS005350,Systolic blood pressure,Cardiovascular & Cholesterol
PGS012514,Systolic blood pressure,Cardiovascular & Cholesterol
PGS012522,Systolic blood pressure,Cardiovascular & Cholesterol
PGS019806,Systolic blood pressure,Cardiovascular & Cholesterol
PGS019830,Systolic blood pressure,Cardiovascular & Cholesterol
PGS019854,Systolic blood pressure,Cardiovascular & Cholesterol
PGS019878,Systolic blood pressure,Cardiovascular & Cholesterol
PGS019902,Systolic blood pressure,Cardiovascular & Cholesterol
PGS019915,Systolic blood pressure,Cardiovascular & Cholesterol
PGS002009,"Systolic blood pressure, automated reading",Cardiovascular & Cholesterol
PGS002228,"Systolic blood pressure, automated reading",Cardiovascular & Cholesterol
PGS003571,"Systolic blood pressure, automated reading",Cardiovascular & Cholesterol
PGS004372,"Systolic blood pressure, automated reading",Cardiovascular & Cholesterol
PGS000900,Systolic blood pressure (female),Cardiovascular & Cholesterol
PGS000901,Systolic blood pressure (male),Cardiovascular & Cholesterol
PGS001134,Systolic BP (AR),Cardiovascular & Cholesterol
PGS000712,T2D (cases vs HbA1c filtered controls),Metabolism & Hormones
PGS019320,Temporomandibular joint disorders,"Bone, Joint & Muscle Health"
PGS019321,Temporomandibular joint disorders,"Bone, Joint & Muscle Health"
PGS019322,Temporomandibular joint disorders,"Bone, Joint & Muscle Health"
PGS019323,Temporomandibular joint disorders,"Bone, Joint & Muscle Health"
PGS019324,Temporomandibular joint disorders,"Bone, Joint & Muscle Health"
PGS000086,Testicular cancer,Cancer
PGS000796,Testicular cancer,Cancer
PGS001164,Testicular cancer,Cancer
PGS003124,Thinness,Metabolism & Hormones
PGS003125,Thinness,Metabolism & Hormones
PGS003126,Thinness,Metabolism & Hormones
PGS003127,Thinness,Metabolism & Hormones
PGS003128,Thinness,Metabolism & Hormones
PGS003129,Thinness,Metabolism & Hormones
PGS003130,Thinness,Metabolism & Hormones
PGS003131,Thinness,Metabolism & Hormones
PGS003132,Thinness,Metabolism & Hormones
PGS003133,Thinness,Metabolism & Hormones
PGS000087,Thyroid cancer,Cancer
PGS000162,Thyroid cancer,Cancer
PGS000207,Thyroid cancer,Cancer
PGS000208,Thyroid cancer,Cancer
PGS000209,Thyroid cancer,Cancer
PGS000626,Thyroid cancer,Cancer
PGS000627,Thyroid cancer,Cancer
PGS000628,Thyroid cancer,Cancer
PGS000629,Thyroid cancer,Cancer
PGS000630,Thyroid cancer,Cancer
PGS000631,Thyroid cancer,Cancer
PGS000632,Thyroid cancer,Cancer
PGS000633,Thyroid cancer,Cancer
PGS000634,Thyroid cancer,Cancer
PGS000635,Thyroid cancer,Cancer
PGS000636,Thyroid cancer,Cancer
PGS000797,Thyroid cancer,Cancer
PGS001289,Thyroid cancer,Cancer
PGS001354,Thyroid cancer,Cancer
PGS001794,Thyroid cancer,Cancer
PGS001799,Thyroid cancer,Cancer
PGS001809,Thyroid cancer,Cancer
PGS002018,Thyroid cancer,Cancer
PGS003437,Thyroid cancer,Cancer
PGS004954,Thyroid cancer,Cancer
PGS005210,Thyroid cancer,Cancer
PGS018580,Thyroid cancer,Cancer
PGS018581,Thyroid cancer,Cancer
PGS018582,Thyroid cancer,Cancer
PGS018583,Thyroid cancer,Cancer
PGS018584,Thyroid cancer,Cancer
PGS005258,Thyroid carcenoma,Cancer
PGS005259,Thyroid carcenoma,Cancer
PGS005260,Thyroid carcenoma,Cancer
PGS005273,Thyroid carcenoma vs benign nodular goiter,Cancer
PGS005274,Thyroid carcenoma vs benign nodular goiter,Cancer
PGS018689,Thyroiditis,Metabolism & Hormones
PGS018690,Thyroiditis,Metabolism & Hormones
PGS018691,Thyroiditis,Metabolism & Hormones
PGS018692,Thyroiditis,Metabolism & Hormones
PGS018693,Thyroiditis,Metabolism & Hormones
PGS018694,Thyroiditis,Metabolism & Hormones
PGS002351,Thyroid (self-reported conditions),Metabolism & Hormones
PGS002423,Thyroid (self-reported conditions),Metabolism & Hormones
PGS002472,Thyroid (self-reported conditions),Metabolism & Hormones
PGS002521,Thyroid (self-reported conditions),Metabolism & Hormones
PGS002570,Thyroid (self-reported conditions),Metabolism & Hormones
PGS002619,Thyroid (self-reported conditions),Metabolism & Hormones
PGS002668,Thyroid (self-reported conditions),Metabolism & Hormones
PGS002717,Thyroid (self-reported conditions),Metabolism & Hormones
PGS004906,Thyroid stimulating hormone concentration,Metabolism & Hormones
PGS012585,Thyroid stimulating hormone levels,Metabolism & Hormones
PGS001042,Thyrotoxicosis [hyperthyroidism] (time-to-event),Metabolism & Hormones
PGS001815,Thyrotoxicosis with or without goiter,Metabolism & Hormones
PGS002023,Thyrotoxicosis with or without goiter,Metabolism & Hormones
PGS018665,Thyrotoxicosis with or without goiter,Metabolism & Hormones
PGS018666,Thyrotoxicosis with or without goiter,Metabolism & Hormones
PGS018667,Thyrotoxicosis with or without goiter,Metabolism & Hormones
PGS018668,Thyrotoxicosis with or without goiter,Metabolism & Hormones
PGS018669,Thyrotoxicosis with or without goiter,Metabolism & Hormones
PGS018670,Thyrotoxicosis with or without goiter,Metabolism & Hormones
PGS019121,Tinnitus,Brain & Mental Health
PGS019122,Tinnitus,Brain & Mental Health
PGS019123,Tinnitus,Brain & Mental Health
PGS019124,Tinnitus,Brain & Mental Health
PGS019125,Tinnitus,Brain & Mental Health
PGS001533,Tinnitus severity,Brain & Mental Health
PGS001830,Tobacco use disorder,Brain & Mental Health
PGS002037,Tobacco use disorder,Brain & Mental Health
PGS000359,Tongue cancer,Cancer
PGS018460,Tongue cancer,Cancer
PGS018461,Tongue cancer,Cancer
PGS018462,Tongue cancer,Cancer
PGS018463,Tongue cancer,Cancer
PGS018464,Tongue cancer,Cancer
PGS001942,Total bilirubin,Digestive & Liver Health
PGS002160,Total bilirubin,Digestive & Liver Health
PGS003524,Total bilirubin,Digestive & Liver Health
PGS004731,Total bilirubin,Digestive & Liver Health
PGS004732,Total bilirubin,Digestive & Liver Health
PGS019790,Total bilirubin,Digestive & Liver Health
PGS019814,Total bilirubin,Digestive & Liver Health
PGS019838,Total bilirubin,Digestive & Liver Health
PGS019862,Total bilirubin,Digestive & Liver Health
PGS019886,Total bilirubin,Digestive & Liver Health
PGS000697,Total bilirubin [umol/L],Digestive & Liver Health
PGS000062,Total cholesterol,Cardiovascular & Cholesterol
PGS000311,Total cholesterol,Cardiovascular & Cholesterol
PGS000658,Total cholesterol,Cardiovascular & Cholesterol
PGS000831,Total cholesterol,Cardiovascular & Cholesterol
PGS002286,Total cholesterol,Cardiovascular & Cholesterol
PGS002352,Total cholesterol,Cardiovascular & Cholesterol
PGS002377,Total cholesterol,Cardiovascular & Cholesterol
PGS002424,Total cholesterol,Cardiovascular & Cholesterol
PGS002473,Total cholesterol,Cardiovascular & Cholesterol
PGS002522,Total cholesterol,Cardiovascular & Cholesterol
PGS002571,Total cholesterol,Cardiovascular & Cholesterol
PGS002620,Total cholesterol,Cardiovascular & Cholesterol
PGS002669,Total cholesterol,Cardiovascular & Cholesterol
PGS002718,Total cholesterol,Cardiovascular & Cholesterol
PGS002783,Total cholesterol,Cardiovascular & Cholesterol
PGS003134,Total cholesterol,Cardiovascular & Cholesterol
PGS003135,Total cholesterol,Cardiovascular & Cholesterol
PGS003136,Total cholesterol,Cardiovascular & Cholesterol
PGS003137,Total cholesterol,Cardiovascular & Cholesterol
PGS003138,Total cholesterol,Cardiovascular & Cholesterol
PGS003139,Total cholesterol,Cardiovascular & Cholesterol
PGS003140,Total cholesterol,Cardiovascular & Cholesterol
PGS003141,Total cholesterol,Cardiovascular & Cholesterol
PGS003142,Total cholesterol,Cardiovascular & Cholesterol
PGS003143,Total cholesterol,Cardiovascular & Cholesterol
PGS003341,Total cholesterol,Cardiovascular & Cholesterol
PGS003350,Total cholesterol,Cardiovascular & Cholesterol
PGS003481,Total cholesterol,Cardiovascular & Cholesterol
PGS003818,Total cholesterol,Cardiovascular & Cholesterol
PGS003819,Total cholesterol,Cardiovascular & Cholesterol
PGS003820,Total cholesterol,Cardiovascular & Cholesterol
PGS003821,Total cholesterol,Cardiovascular & Cholesterol
PGS003822,Total cholesterol,Cardiovascular & Cholesterol
PGS003823,Total cholesterol,Cardiovascular & Cholesterol
PGS003824,Total cholesterol,Cardiovascular & Cholesterol
PGS003825,Total cholesterol,Cardiovascular & Cholesterol
PGS003826,Total cholesterol,Cardiovascular & Cholesterol
PGS003827,Total cholesterol,Cardiovascular & Cholesterol
PGS003828,Total cholesterol,Cardiovascular & Cholesterol
PGS003829,Total cholesterol,Cardiovascular & Cholesterol
PGS003830,Total cholesterol,Cardiovascular & Cholesterol
PGS003831,Total cholesterol,Cardiovascular & Cholesterol
PGS003832,Total cholesterol,Cardiovascular & Cholesterol
PGS003833,Total cholesterol,Cardiovascular & Cholesterol
PGS003834,Total cholesterol,Cardiovascular & Cholesterol
PGS003853,Total cholesterol,Cardiovascular & Cholesterol
PGS004667,Total cholesterol,Cardiovascular & Cholesterol
PGS004668,Total cholesterol,Cardiovascular & Cholesterol
PGS004669,Total cholesterol,Cardiovascular & Cholesterol
PGS004670,Total cholesterol,Cardiovascular & Cholesterol
PGS004671,Total cholesterol,Cardiovascular & Cholesterol
PGS004672,Total cholesterol,Cardiovascular & Cholesterol
PGS004673,Total cholesterol,Cardiovascular & Cholesterol
PGS004674,Total cholesterol,Cardiovascular & Cholesterol
PGS004675,Total cholesterol,Cardiovascular & Cholesterol
PGS004676,Total cholesterol,Cardiovascular & Cholesterol
PGS004677,Total cholesterol,Cardiovascular & Cholesterol
PGS004678,Total cholesterol,Cardiovascular & Cholesterol
PGS004679,Total cholesterol,Cardiovascular & Cholesterol
PGS004680,Total cholesterol,Cardiovascular & Cholesterol
PGS004681,Total cholesterol,Cardiovascular & Cholesterol
PGS004841,Total cholesterol,Cardiovascular & Cholesterol
PGS004842,Total cholesterol,Cardiovascular & Cholesterol
PGS004843,Total cholesterol,Cardiovascular & Cholesterol
PGS004844,Total cholesterol,Cardiovascular & Cholesterol
PGS019808,Total cholesterol,Cardiovascular & Cholesterol
PGS019832,Total cholesterol,Cardiovascular & Cholesterol
PGS019856,Total cholesterol,Cardiovascular & Cholesterol
PGS019880,Total cholesterol,Cardiovascular & Cholesterol
PGS019904,Total cholesterol,Cardiovascular & Cholesterol
PGS002750,Total hip replacement,"Bone, Joint & Muscle Health"
PGS002749,Total knee replacement,"Bone, Joint & Muscle Health"
PGS002287,Triglyceride,Cardiovascular & Cholesterol
PGS003881,Triglyceride,Cardiovascular & Cholesterol
PGS003340,Triglyceride level,Cardiovascular & Cholesterol
PGS003349,Triglyceride level,Cardiovascular & Cholesterol
PGS003401,Triglyceride levels,Cardiovascular & Cholesterol
PGS000063,Triglycerides,Cardiovascular & Cholesterol
PGS000312,Triglycerides,Cardiovascular & Cholesterol
PGS000659,Triglycerides,Cardiovascular & Cholesterol
PGS000826,Triglycerides,Cardiovascular & Cholesterol
PGS001979,Triglycerides,Cardiovascular & Cholesterol
PGS002197,Triglycerides,Cardiovascular & Cholesterol
PGS002353,Triglycerides,Cardiovascular & Cholesterol
PGS002378,Triglycerides,Cardiovascular & Cholesterol
PGS002425,Triglycerides,Cardiovascular & Cholesterol
PGS002474,Triglycerides,Cardiovascular & Cholesterol
PGS002523,Triglycerides,Cardiovascular & Cholesterol
PGS002572,Triglycerides,Cardiovascular & Cholesterol
PGS002621,Triglycerides,Cardiovascular & Cholesterol
PGS002670,Triglycerides,Cardiovascular & Cholesterol
PGS002719,Triglycerides,Cardiovascular & Cholesterol
PGS002784,Triglycerides,Cardiovascular & Cholesterol
PGS003144,Triglycerides,Cardiovascular & Cholesterol
PGS003145,Triglycerides,Cardiovascular & Cholesterol
PGS003146,Triglycerides,Cardiovascular & Cholesterol
PGS003147,Triglycerides,Cardiovascular & Cholesterol
PGS003148,Triglycerides,Cardiovascular & Cholesterol
PGS003149,Triglycerides,Cardiovascular & Cholesterol
PGS003150,Triglycerides,Cardiovascular & Cholesterol
PGS003151,Triglycerides,Cardiovascular & Cholesterol
PGS003152,Triglycerides,Cardiovascular & Cholesterol
PGS003153,Triglycerides,Cardiovascular & Cholesterol
PGS003482,Triglycerides,Cardiovascular & Cholesterol
PGS003854,Triglycerides,Cardiovascular & Cholesterol
PGS004845,Triglycerides,Cardiovascular & Cholesterol
PGS004846,Triglycerides,Cardiovascular & Cholesterol
PGS004847,Triglycerides,Cardiovascular & Cholesterol
PGS004848,Triglycerides,Cardiovascular & Cholesterol
PGS004916,Triglycerides,Cardiovascular & Cholesterol
PGS004937,Triglycerides,Cardiovascular & Cholesterol
PGS019809,Triglycerides,Cardiovascular & Cholesterol
PGS019833,Triglycerides,Cardiovascular & Cholesterol
PGS019857,Triglycerides,Cardiovascular & Cholesterol
PGS019881,Triglycerides,Cardiovascular & Cholesterol
PGS019905,Triglycerides,Cardiovascular & Cholesterol
PGS019917,Triglycerides,Cardiovascular & Cholesterol
PGS004342,Triglycerides (mmol/L),Cardiovascular & Cholesterol
PGS000699,Triglycerides [mmol/L],Cardiovascular & Cholesterol
PGS000066,Triglycerides (TG),Cardiovascular & Cholesterol
PGS000847,Triglycerides (TG),Cardiovascular & Cholesterol
PGS004891,Triple negative breast cancer,Cancer
PGS004892,Triple negative breast cancer,Cancer
PGS005384,Triple-negative breast cancer,Cancer
PGS005385,Triple-negative breast cancer,Cancer
PGS005386,Triple-negative breast cancer,Cancer
PGS005387,Triple-negative breast cancer,Cancer
PGS004890,Triple negative breast cancer versus luminal breast cancer,Cancer
PGS002144,Trouble falling asleep,Brain & Mental Health
PGS000839,Two hour glucose during OGTT,Metabolism & Hormones
PGS002787,Type 1 bipolar disorder,Brain & Mental Health
PGS004171,Type 1 diabetes,Metabolism & Hormones
PGS004172,Type 1 diabetes,Metabolism & Hormones
PGS004173,Type 1 diabetes,Metabolism & Hormones
PGS004174,Type 1 diabetes,Metabolism & Hormones
PGS004175,Type 1 diabetes,Metabolism & Hormones
PGS000021,Type 1 diabetes (T1D),Metabolism & Hormones
PGS000022,Type 1 diabetes (T1D),Metabolism & Hormones
PGS000023,Type 1 diabetes (T1D),Metabolism & Hormones
PGS000024,Type 1 diabetes (T1D),Metabolism & Hormones
PGS000833,Type 1 diabetes (T1D),Metabolism & Hormones
PGS000869,Type 1 diabetes (T1D),Metabolism & Hormones
PGS001297,Type 1 diabetes (T1D),Metabolism & Hormones
PGS001817,Type 1 diabetes (T1D),Metabolism & Hormones
PGS002025,Type 1 diabetes (T1D),Metabolism & Hormones
PGS003749,Type 1 diabetes (T1D),Metabolism & Hormones
PGS003750,Type 1 diabetes (T1D),Metabolism & Hormones
PGS003993,Type 1 diabetes (T1D),Metabolism & Hormones
PGS004009,Type 1 diabetes (T1D),Metabolism & Hormones
PGS004020,Type 1 diabetes (T1D),Metabolism & Hormones
PGS004035,Type 1 diabetes (T1D),Metabolism & Hormones
PGS004063,Type 1 diabetes (T1D),Metabolism & Hormones
PGS004078,Type 1 diabetes (T1D),Metabolism & Hormones
PGS004093,Type 1 diabetes (T1D),Metabolism & Hormones
PGS004102,Type 1 diabetes (T1D),Metabolism & Hormones
PGS004117,Type 1 diabetes (T1D),Metabolism & Hormones
PGS004132,Type 1 diabetes (T1D),Metabolism & Hormones
PGS004147,Type 1 diabetes (T1D),Metabolism & Hormones
PGS004162,Type 1 diabetes (T1D),Metabolism & Hormones
PGS004874,Type 1 diabetes (T1D),Metabolism & Hormones
PGS005398,Type 1 diabetes (T1D),Metabolism & Hormones
PGS005399,Type 1 diabetes (T1D),Metabolism & Hormones
PGS005400,Type 1 diabetes (T1D),Metabolism & Hormones
PGS012555,Type 1 diabetes (T1D),Metabolism & Hormones
PGS002788,Type 2 bipolar disorder,Brain & Mental Health
PGS004181,Type 2 diabetes,Metabolism & Hormones
PGS004182,Type 2 diabetes,Metabolism & Hormones
PGS004183,Type 2 diabetes,Metabolism & Hormones
PGS004184,Type 2 diabetes,Metabolism & Hormones
PGS004185,Type 2 diabetes,Metabolism & Hormones
PGS004223,Type 2 diabetes,Metabolism & Hormones
PGS004225,Type 2 diabetes,Metabolism & Hormones
PGS004226,Type 2 diabetes,Metabolism & Hormones
PGS004323,Type 2 diabetes,Metabolism & Hormones
PGS000848,Type 2 diabetes (based on SNPs associated with adiposity),Metabolism & Hormones
PGS000854,Type 2 diabetes (based on SNPs associated with beta cell function),Metabolism & Hormones
PGS000849,Type 2 diabetes (based on SNPs associated with impaired lipids),Cardiovascular & Cholesterol
PGS000850,Type 2 diabetes (based on SNPs associated with insulin action),Metabolism & Hormones
PGS000851,Type 2 diabetes (based on SNPs associated with insulin action/secretion),Metabolism & Hormones
PGS000852,Type 2 diabetes (based on SNPs associated with insulin secretion),Metabolism & Hormones
PGS000853,Type 2 diabetes (based on SNPs associated with insulin secretion),Metabolism & Hormones
PGS002277,Type 2 diabetes (based on SNPs associated with insulin secretion),Metabolism & Hormones
PGS000855,Type 2 diabetes (based on SNPs associated with lipodystrophy),Metabolism & Hormones
PGS000856,Type 2 diabetes (based on SNPs associated with liver lipids),Cardiovascular & Cholesterol
PGS000857,Type 2 diabetes (based on SNPs associated with obesity),Metabolism & Hormones
PGS000858,Type 2 diabetes (based on SNPs associated with proinsulin levels),Metabolism & Hormones
PGS000033,Type 2 diabetes (based on SNPs involved in insulin resistance),Metabolism & Hormones
PGS000032,Type 2 diabetes (based on SNPs involved in β-cell function),Metabolism & Hormones
PGS012547,Type 2 diabetes mellitus,Metabolism & Hormones
PGS018413,Type 2 diabetes mellitus,Metabolism & Hormones
PGS005324,Type 2 Diabetes Mellitus,Metabolism & Hormones
PGS005325,Type 2 Diabetes Mellitus,Metabolism & Hormones
PGS000014,Type 2 diabetes (T2D),Metabolism & Hormones
PGS000020,Type 2 diabetes (T2D),Metabolism & Hormones
PGS000031,Type 2 diabetes (T2D),Metabolism & Hormones
PGS000036,Type 2 diabetes (T2D),Metabolism & Hormones
PGS000125,Type 2 diabetes (T2D),Metabolism & Hormones
PGS000330,Type 2 diabetes (T2D),Metabolism & Hormones
PGS000713,Type 2 diabetes (T2D),Metabolism & Hormones
PGS000729,Type 2 diabetes (T2D),Metabolism & Hormones
PGS000804,Type 2 diabetes (T2D),Metabolism & Hormones
PGS000805,Type 2 diabetes (T2D),Metabolism & Hormones
PGS000806,Type 2 diabetes (T2D),Metabolism & Hormones
PGS000807,Type 2 diabetes (T2D),Metabolism & Hormones
PGS000808,Type 2 diabetes (T2D),Metabolism & Hormones
PGS000832,Type 2 diabetes (T2D),Metabolism & Hormones
PGS000864,Type 2 diabetes (T2D),Metabolism & Hormones
PGS000868,Type 2 diabetes (T2D),Metabolism & Hormones
PGS001295,Type 2 diabetes (T2D),Metabolism & Hormones
PGS001357,Type 2 diabetes (T2D),Metabolism & Hormones
PGS001781,Type 2 diabetes (T2D),Metabolism & Hormones
PGS001818,Type 2 diabetes (T2D),Metabolism & Hormones
PGS002026,Type 2 diabetes (T2D),Metabolism & Hormones
PGS002243,Type 2 diabetes (T2D),Metabolism & Hormones
PGS002308,Type 2 diabetes (T2D),Metabolism & Hormones
PGS002354,Type 2 diabetes (T2D),Metabolism & Hormones
PGS002379,Type 2 diabetes (T2D),Metabolism & Hormones
PGS002426,Type 2 diabetes (T2D),Metabolism & Hormones
PGS002475,Type 2 diabetes (T2D),Metabolism & Hormones
PGS002524,Type 2 diabetes (T2D),Metabolism & Hormones
PGS002573,Type 2 diabetes (T2D),Metabolism & Hormones
PGS002622,Type 2 diabetes (T2D),Metabolism & Hormones
PGS002671,Type 2 diabetes (T2D),Metabolism & Hormones
PGS002720,Type 2 diabetes (T2D),Metabolism & Hormones
PGS002733,Type 2 diabetes (T2D),Metabolism & Hormones
PGS002771,Type 2 diabetes (T2D),Metabolism & Hormones
PGS003089,Type 2 diabetes (T2D),Metabolism & Hormones
PGS003090,Type 2 diabetes (T2D),Metabolism & Hormones
PGS003091,Type 2 diabetes (T2D),Metabolism & Hormones
PGS003092,Type 2 diabetes (T2D),Metabolism & Hormones
PGS003093,Type 2 diabetes (T2D),Metabolism & Hormones
PGS003094,Type 2 diabetes (T2D),Metabolism & Hormones
PGS003095,Type 2 diabetes (T2D),Metabolism & Hormones
PGS003096,Type 2 diabetes (T2D),Metabolism & Hormones
PGS003097,Type 2 diabetes (T2D),Metabolism & Hormones
PGS003098,Type 2 diabetes (T2D),Metabolism & Hormones
PGS003099,Type 2 diabetes (T2D),Metabolism & Hormones
PGS003100,Type 2 diabetes (T2D),Metabolism & Hormones
PGS003101,Type 2 diabetes (T2D),Metabolism & Hormones
PGS003102,Type 2 diabetes (T2D),Metabolism & Hormones
PGS003103,Type 2 diabetes (T2D),Metabolism & Hormones
PGS003104,Type 2 diabetes (T2D),Metabolism & Hormones
PGS003105,Type 2 diabetes (T2D),Metabolism & Hormones
PGS003106,Type 2 diabetes (T2D),Metabolism & Hormones
PGS003107,Type 2 diabetes (T2D),Metabolism & Hormones
PGS003108,Type 2 diabetes (T2D),Metabolism & Hormones
PGS003109,Type 2 diabetes (T2D),Metabolism & Hormones
PGS003110,Type 2 diabetes (T2D),Metabolism & Hormones
PGS003111,Type 2 diabetes (T2D),Metabolism & Hormones
PGS003112,Type 2 diabetes (T2D),Metabolism & Hormones
PGS003113,Type 2 diabetes (T2D),Metabolism & Hormones
PGS003114,Type 2 diabetes (T2D),Metabolism & Hormones
PGS003115,Type 2 diabetes (T2D),Metabolism & Hormones
PGS003116,Type 2 diabetes (T2D),Metabolism & Hormones
PGS003117,Type 2 diabetes (T2D),Metabolism & Hormones
PGS003118,Type 2 diabetes (T2D),Metabolism & Hormones
PGS003119,Type 2 diabetes (T2D),Metabolism & Hormones
PGS003120,Type 2 diabetes (T2D),Metabolism & Hormones
PGS003121,Type 2 diabetes (T2D),Metabolism & Hormones
PGS003122,Type 2 diabetes (T2D),Metabolism & Hormones
PGS003123,Type 2 diabetes (T2D),Metabolism & Hormones
PGS003353,Type 2 diabetes (T2D),Metabolism & Hormones
PGS003402,Type 2 diabetes (T2D),Metabolism & Hormones
PGS003443,Type 2 diabetes (T2D),Metabolism & Hormones
PGS003444,Type 2 diabetes (T2D),Metabolism & Hormones
PGS003445,Type 2 diabetes (T2D),Metabolism & Hormones
PGS003728,Type 2 diabetes (T2D),Metabolism & Hormones
PGS003729,Type 2 diabetes (T2D),Metabolism & Hormones
PGS003730,Type 2 diabetes (T2D),Metabolism & Hormones
PGS003731,Type 2 diabetes (T2D),Metabolism & Hormones
PGS003732,Type 2 diabetes (T2D),Metabolism & Hormones
PGS003733,Type 2 diabetes (T2D),Metabolism & Hormones
PGS003734,Type 2 diabetes (T2D),Metabolism & Hormones
PGS003735,Type 2 diabetes (T2D),Metabolism & Hormones
PGS003751,Type 2 diabetes (T2D),Metabolism & Hormones
PGS003752,Type 2 diabetes (T2D),Metabolism & Hormones
PGS003867,Type 2 diabetes (T2D),Metabolism & Hormones
PGS003982,Type 2 diabetes (T2D),Metabolism & Hormones
PGS003998,Type 2 diabetes (T2D),Metabolism & Hormones
PGS004014,Type 2 diabetes (T2D),Metabolism & Hormones
PGS004024,Type 2 diabetes (T2D),Metabolism & Hormones
PGS004039,Type 2 diabetes (T2D),Metabolism & Hormones
PGS004052,Type 2 diabetes (T2D),Metabolism & Hormones
PGS004068,Type 2 diabetes (T2D),Metabolism & Hormones
PGS004082,Type 2 diabetes (T2D),Metabolism & Hormones
PGS004106,Type 2 diabetes (T2D),Metabolism & Hormones
PGS004122,Type 2 diabetes (T2D),Metabolism & Hormones
PGS004136,Type 2 diabetes (T2D),Metabolism & Hormones
PGS004152,Type 2 diabetes (T2D),Metabolism & Hormones
PGS004310,Type 2 diabetes (T2D),Metabolism & Hormones
PGS004311,Type 2 diabetes (T2D),Metabolism & Hormones
PGS004312,Type 2 diabetes (T2D),Metabolism & Hormones
PGS004313,Type 2 diabetes (T2D),Metabolism & Hormones
PGS004314,Type 2 diabetes (T2D),Metabolism & Hormones
PGS004499,Type 2 diabetes (T2D),Metabolism & Hormones
PGS004569,Type 2 diabetes (T2D),Metabolism & Hormones
PGS004602,Type 2 diabetes (T2D),Metabolism & Hormones
PGS004615,Type 2 diabetes (T2D),Metabolism & Hormones
PGS004616,Type 2 diabetes (T2D),Metabolism & Hormones
PGS004617,Type 2 diabetes (T2D),Metabolism & Hormones
PGS004618,Type 2 diabetes (T2D),Metabolism & Hormones
PGS004619,Type 2 diabetes (T2D),Metabolism & Hormones
PGS004620,Type 2 diabetes (T2D),Metabolism & Hormones
PGS004837,Type 2 diabetes (T2D),Metabolism & Hormones
PGS004838,Type 2 diabetes (T2D),Metabolism & Hormones
PGS004839,Type 2 diabetes (T2D),Metabolism & Hormones
PGS004840,Type 2 diabetes (T2D),Metabolism & Hormones
PGS004859,Type 2 diabetes (T2D),Metabolism & Hormones
PGS004868,Type 2 diabetes (T2D),Metabolism & Hormones
PGS004870,Type 2 diabetes (T2D),Metabolism & Hormones
PGS004887,Type 2 diabetes (T2D),Metabolism & Hormones
PGS004923,Type 2 diabetes (T2D),Metabolism & Hormones
PGS005108,Type 2 diabetes (T2D),Metabolism & Hormones
PGS005110,Type 2 diabetes (T2D),Metabolism & Hormones
PGS005111,Type 2 diabetes (T2D),Metabolism & Hormones
PGS005115,Type 2 diabetes (T2D),Metabolism & Hormones
PGS005116,Type 2 diabetes (T2D),Metabolism & Hormones
PGS005117,Type 2 diabetes (T2D),Metabolism & Hormones
PGS005118,Type 2 diabetes (T2D),Metabolism & Hormones
PGS005119,Type 2 diabetes (T2D),Metabolism & Hormones
PGS005147,Type 2 diabetes (T2D),Metabolism & Hormones
PGS005157,Type 2 diabetes (T2D),Metabolism & Hormones
PGS005242,Type 2 diabetes (T2D),Metabolism & Hormones
PGS005243,Type 2 diabetes (T2D),Metabolism & Hormones
PGS005244,Type 2 diabetes (T2D),Metabolism & Hormones
PGS005245,Type 2 diabetes (T2D),Metabolism & Hormones
PGS005246,Type 2 diabetes (T2D),Metabolism & Hormones
PGS005247,Type 2 diabetes (T2D),Metabolism & Hormones
PGS005314,Type 2 diabetes (T2D),Metabolism & Hormones
PGS005333,Type 2 diabetes (T2D),Metabolism & Hormones
PGS005334,Type 2 diabetes (T2D),Metabolism & Hormones
PGS005335,Type 2 diabetes (T2D),Metabolism & Hormones
PGS005336,Type 2 diabetes (T2D),Metabolism & Hormones
PGS005341,Type 2 diabetes (T2D),Metabolism & Hormones
PGS005342,Type 2 diabetes (T2D),Metabolism & Hormones
PGS005343,Type 2 diabetes (T2D),Metabolism & Hormones
PGS005344,Type 2 diabetes (T2D),Metabolism & Hormones
PGS005353,Type 2 diabetes (T2D),Metabolism & Hormones
PGS005354,Type 2 diabetes (T2D),Metabolism & Hormones
PGS005355,Type 2 diabetes (T2D),Metabolism & Hormones
PGS005356,Type 2 diabetes (T2D),Metabolism & Hormones
PGS005357,Type 2 diabetes (T2D),Metabolism & Hormones
PGS005358,Type 2 diabetes (T2D),Metabolism & Hormones
PGS005359,Type 2 diabetes (T2D),Metabolism & Hormones
PGS005360,Type 2 diabetes (T2D),Metabolism & Hormones
PGS005361,Type 2 diabetes (T2D),Metabolism & Hormones
PGS005362,Type 2 diabetes (T2D),Metabolism & Hormones
PGS005363,Type 2 diabetes (T2D),Metabolism & Hormones
PGS005364,Type 2 diabetes (T2D),Metabolism & Hormones
PGS005365,Type 2 diabetes (T2D),Metabolism & Hormones
PGS005366,Type 2 diabetes (T2D),Metabolism & Hormones
PGS005367,Type 2 diabetes (T2D),Metabolism & Hormones
PGS005368,Type 2 diabetes (T2D),Metabolism & Hormones
PGS005369,Type 2 diabetes (T2D),Metabolism & Hormones
PGS005370,Type 2 diabetes (T2D),Metabolism & Hormones
PGS005371,Type 2 diabetes (T2D),Metabolism & Hormones
PGS005372,Type 2 diabetes (T2D),Metabolism & Hormones
PGS005373,Type 2 diabetes (T2D),Metabolism & Hormones
PGS005374,Type 2 diabetes (T2D),Metabolism & Hormones
PGS005375,Type 2 diabetes (T2D),Metabolism & Hormones
PGS005376,Type 2 diabetes (T2D),Metabolism & Hormones
PGS005377,Type 2 diabetes (T2D),Metabolism & Hormones
PGS012554,Type 2 diabetes (T2D),Metabolism & Hormones
PGS012578,Type 2 diabetes (T2D),Metabolism & Hormones
PGS018418,Type 2 diabetes (T2D),Metabolism & Hormones
PGS018723,Type 2 diabetes (T2D),Metabolism & Hormones
PGS018724,Type 2 diabetes (T2D),Metabolism & Hormones
PGS018725,Type 2 diabetes (T2D),Metabolism & Hormones
PGS018726,Type 2 diabetes (T2D),Metabolism & Hormones
PGS018727,Type 2 diabetes (T2D),Metabolism & Hormones
PGS018728,Type 2 diabetes (T2D),Metabolism & Hormones
PGS005021,Type 2 diabetes (T2D) (PheCode 250.2),Metabolism & Hormones
PGS005022,Type 2 diabetes (T2D) (PheCode 250.2),Metabolism & Hormones
PGS005023,Type 2 diabetes (T2D) (PheCode 250.2),Metabolism & Hormones
PGS005024,Type 2 diabetes (T2D) (PheCode 250.2),Metabolism & Hormones
PGS005025,Type 2 diabetes (T2D) (PheCode 250.2),Metabolism & Hormones
PGS005026,Type 2 diabetes (T2D) (PheCode 250.2),Metabolism & Hormones
PGS005027,Type 2 diabetes (T2D) (PheCode 250.2),Metabolism & Hormones
PGS005028,Type 2 diabetes (T2D) (PheCode 250.2),Metabolism & Hormones
PGS005029,Type 2 diabetes (T2D) (PheCode 250.2),Metabolism & Hormones
PGS005030,Type 2 diabetes (T2D) (PheCode 250.2),Metabolism & Hormones
PGS005031,Type 2 diabetes (T2D) (PheCode 250.2),Metabolism & Hormones
PGS005032,Type 2 diabetes (T2D) (PheCode 250.2),Metabolism & Hormones
PGS005033,Type 2 diabetes (T2D) (PheCode 250.2),Metabolism & Hormones
PGS018746,Type 2 diabetes with ketoacidosis,Metabolism & Hormones
PGS018747,Type 2 diabetes with ketoacidosis,Metabolism & Hormones
PGS018748,Type 2 diabetes with ketoacidosis,Metabolism & Hormones
PGS018749,Type 2 diabetes with ketoacidosis,Metabolism & Hormones
PGS018750,Type 2 diabetes with ketoacidosis,Metabolism & Hormones
PGS018751,Type 2 diabetes with ketoacidosis,Metabolism & Hormones
PGS018764,Type 2 diabetes with neurological manifestations,Metabolism & Hormones
PGS018765,Type 2 diabetes with neurological manifestations,Metabolism & Hormones
PGS018766,Type 2 diabetes with neurological manifestations,Metabolism & Hormones
PGS018767,Type 2 diabetes with neurological manifestations,Metabolism & Hormones
PGS018768,Type 2 diabetes with neurological manifestations,Metabolism & Hormones
PGS018769,Type 2 diabetes with neurological manifestations,Metabolism & Hormones
PGS018758,Type 2 diabetes with ophthalmic manifestations,Eye Health
PGS018759,Type 2 diabetes with ophthalmic manifestations,Eye Health
PGS018760,Type 2 diabetes with ophthalmic manifestations,Eye Health
PGS018761,Type 2 diabetes with ophthalmic manifestations,Eye Health
PGS018762,Type 2 diabetes with ophthalmic manifestations,Eye Health
PGS018763,Type 2 diabetes with ophthalmic manifestations,Eye Health
PGS018752,Type 2 diabetes with renal manifestations,Metabolism & Hormones
PGS018753,Type 2 diabetes with renal manifestations,Metabolism & Hormones
PGS018754,Type 2 diabetes with renal manifestations,Metabolism & Hormones
PGS018755,Type 2 diabetes with renal manifestations,Metabolism & Hormones
PGS018756,Type 2 diabetes with renal manifestations,Metabolism & Hormones
PGS018757,Type 2 diabetes with renal manifestations,Metabolism & Hormones
PGS001107,UACR [> 30 mg/g],Kidney & Urinary Health
PGS001306,Ulcerative colitis,Immune & Autoimmune
PGS001855,Ulcerative colitis,Immune & Autoimmune
PGS002066,Ulcerative colitis,Immune & Autoimmune
PGS004253,Ulcerative colitis,Immune & Autoimmune
PGS001307,Ulcerative colitis (time-to-event),Immune & Autoimmune
PGS000925,Unspecified acute lower respiratory infection (time-to-event),Lung & Respiratory
PGS000946,Unspecified dementia (time-to-event),Brain & Mental Health
PGS001329,Unspecified diabetes mellitus (time-to-event),Metabolism & Hormones
PGS019651,Unspecified diffuse connective tissue disease,Immune & Autoimmune
PGS019652,Unspecified diffuse connective tissue disease,Immune & Autoimmune
PGS019653,Unspecified diffuse connective tissue disease,Immune & Autoimmune
PGS019654,Unspecified diffuse connective tissue disease,Immune & Autoimmune
PGS019655,Unspecified diffuse connective tissue disease,Immune & Autoimmune
PGS018796,Unspecified disorder of lipoid metabolism,Cardiovascular & Cholesterol
PGS018797,Unspecified disorder of lipoid metabolism,Cardiovascular & Cholesterol
PGS018798,Unspecified disorder of lipoid metabolism,Cardiovascular & Cholesterol
PGS018799,Unspecified disorder of lipoid metabolism,Cardiovascular & Cholesterol
PGS018800,Unspecified disorder of lipoid metabolism,Cardiovascular & Cholesterol
PGS019682,Unspecified polyarthropathy or polyarthritis,"Bone, Joint & Muscle Health"
PGS019683,Unspecified polyarthropathy or polyarthritis,"Bone, Joint & Muscle Health"
PGS019684,Unspecified polyarthropathy or polyarthritis,"Bone, Joint & Muscle Health"
PGS019685,Unspecified polyarthropathy or polyarthritis,"Bone, Joint & Muscle Health"
PGS019686,Unspecified polyarthropathy or polyarthritis,"Bone, Joint & Muscle Health"
PGS004320,Upper gastrointestinal cancer,Cancer
PGS002010,Urate,Metabolism & Hormones
PGS002229,Urate,Metabolism & Hormones
PGS003572,Urate,Metabolism & Hormones
PGS003991,Urate,Metabolism & Hormones
PGS004007,Urate,Metabolism & Hormones
PGS004019,Urate,Metabolism & Hormones
PGS004033,Urate,Metabolism & Hormones
PGS004048,Urate,Metabolism & Hormones
PGS004061,Urate,Metabolism & Hormones
PGS004077,Urate,Metabolism & Hormones
PGS004091,Urate,Metabolism & Hormones
PGS004115,Urate,Metabolism & Hormones
PGS004131,Urate,Metabolism & Hormones
PGS004145,Urate,Metabolism & Hormones
PGS004161,Urate,Metabolism & Hormones
PGS004343,Urate (umol/L),Metabolism & Hormones
PGS000700,Urate [umol/L],Metabolism & Hormones
PGS001980,Urea,Kidney & Urinary Health
PGS002198,Urea,Kidney & Urinary Health
PGS003553,Urea,Kidney & Urinary Health
PGS004739,Urea,Kidney & Urinary Health
PGS004740,Urea,Kidney & Urinary Health
PGS004741,Urea,Kidney & Urinary Health
PGS004742,Urea,Kidney & Urinary Health
PGS004331,Urea (mmol/L),Kidney & Urinary Health
PGS000701,Urea [mmol/L],Kidney & Urinary Health
PGS019810,"Uric acid, blood",Metabolism & Hormones
PGS019834,"Uric acid, blood",Metabolism & Hormones
PGS019858,"Uric acid, blood",Metabolism & Hormones
PGS019882,"Uric acid, blood",Metabolism & Hormones
PGS019906,"Uric acid, blood",Metabolism & Hormones
PGS019918,"Uric acid, blood",Metabolism & Hormones
PGS002290,Uric acid level,Metabolism & Hormones
PGS000822,Urinary albumin to creatinine ratio,Kidney & Urinary Health
PGS004897,Urinary albumin-to-creatinine ratio,Kidney & Urinary Health
PGS001864,Urinary calculus,Kidney & Urinary Health
PGS002075,Urinary calculus,Kidney & Urinary Health
PGS019473,Urinary calculus,Kidney & Urinary Health
PGS019474,Urinary calculus,Kidney & Urinary Health
PGS019475,Urinary calculus,Kidney & Urinary Health
PGS019476,Urinary calculus,Kidney & Urinary Health
PGS019477,Urinary calculus,Kidney & Urinary Health
PGS019478,Urinary calculus,Kidney & Urinary Health
PGS019458,Urinary tract infection,Kidney & Urinary Health
PGS019459,Urinary tract infection,Kidney & Urinary Health
PGS019460,Urinary tract infection,Kidney & Urinary Health
PGS019461,Urinary tract infection,Kidney & Urinary Health
PGS019462,Urinary tract infection,Kidney & Urinary Health
PGS000861,Urine Albumin-to-Creatinine ratio,Kidney & Urinary Health
PGS019783,Urticaria,Skin Health
PGS019784,Urticaria,Skin Health
PGS019785,Urticaria,Skin Health
PGS019786,Urticaria,Skin Health
PGS019787,Urticaria,Skin Health
PGS001795,Uterine cancer,Cancer
PGS003381,Uterine endometrial carcinoma,Cancer
PGS001032,Uterine fibroids,Reproductive Health
PGS002263,Uterine fibroids,Reproductive Health
PGS018625,Uterine leiomyoma,Reproductive Health
PGS018626,Uterine leiomyoma,Reproductive Health
PGS018627,Uterine leiomyoma,Reproductive Health
PGS018628,Uterine leiomyoma,Reproductive Health
PGS018629,Uterine leiomyoma,Reproductive Health
PGS019061,Uveitis noninfectious or NOS,Infectious Diseases
PGS019062,Uveitis noninfectious or NOS,Infectious Diseases
PGS019063,Uveitis noninfectious or NOS,Infectious Diseases
PGS019064,Uveitis noninfectious or NOS,Infectious Diseases
PGS019065,Uveitis noninfectious or NOS,Infectious Diseases
PGS001179,Vascular dementia (time-to-event),Brain & Mental Health
PGS001262,Vascular/heart problems diagnosed by doctor Angina,Cardiovascular & Cholesterol
PGS001317,Vascular/heart problems diagnosed by doctor Heart attack,Cardiovascular & Cholesterol
PGS001335,Vascular/heart problems diagnosed by doctor High BP,Cardiovascular & Cholesterol
PGS001109,Vasomotor and allergic rhinitis (time-to-event),Immune & Autoimmune
PGS000043,Venous thromboembolism,Cardiovascular & Cholesterol
PGS001796,Venous thromboembolism,Cardiovascular & Cholesterol
PGS002235,Venous thromboembolism,Cardiovascular & Cholesterol
PGS002772,Venous thromboembolism,Cardiovascular & Cholesterol
PGS002794,Venous thromboembolism,Cardiovascular & Cholesterol
PGS003332,Venous thromboembolism,Cardiovascular & Cholesterol
PGS003456,Venous thromboembolism,Cardiovascular & Cholesterol
PGS004853,Venous thromboembolism,Cardiovascular & Cholesterol
PGS004854,Venous thromboembolism,Cardiovascular & Cholesterol
PGS012519,Venous thromboembolism,Cardiovascular & Cholesterol
PGS012527,Venous thromboembolism,Cardiovascular & Cholesterol
PGS004501,Venous thromboembolism (VTE),Cardiovascular & Cholesterol
PGS004571,Venous thromboembolism (VTE),Cardiovascular & Cholesterol
PGS019081,Vertiginous syndromes and other disorders of vestibular system,Hearing & Ear Health
PGS019082,Vertiginous syndromes and other disorders of vestibular system,Hearing & Ear Health
PGS019083,Vertiginous syndromes and other disorders of vestibular system,Hearing & Ear Health
PGS019084,Vertiginous syndromes and other disorders of vestibular system,Hearing & Ear Health
PGS019085,Vertiginous syndromes and other disorders of vestibular system,Hearing & Ear Health
PGS018419,Viral hepatitis,Digestive & Liver Health
PGS018420,Viral hepatitis,Digestive & Liver Health
PGS018421,Viral hepatitis,Digestive & Liver Health
PGS018422,Viral hepatitis,Digestive & Liver Health
PGS018423,Viral hepatitis,Digestive & Liver Health
PGS018424,Viral hepatitis B,Digestive & Liver Health
PGS018425,Viral hepatitis B,Digestive & Liver Health
PGS018426,Viral hepatitis B,Digestive & Liver Health
PGS018427,Viral hepatitis B,Digestive & Liver Health
PGS018428,Viral hepatitis B,Digestive & Liver Health
PGS018429,Viral hepatitis B,Digestive & Liver Health
PGS018440,Viral warts HPV,Skin Health
PGS018441,Viral warts HPV,Skin Health
PGS018442,Viral warts HPV,Skin Health
PGS018443,Viral warts HPV,Skin Health
PGS018444,Viral warts HPV,Skin Health
PGS001011,Viral warts (time-to-event),Skin Health
PGS002813,Visceral adipose tissue volumes adjusted for BMI and height,Metabolism & Hormones
PGS003154,Vitamin B12,Metabolism & Hormones
PGS003155,Vitamin B12,Metabolism & Hormones
PGS003156,Vitamin B12,Metabolism & Hormones
PGS003157,Vitamin B12,Metabolism & Hormones
PGS003158,Vitamin B12,Metabolism & Hormones
PGS003159,Vitamin B12,Metabolism & Hormones
PGS003160,Vitamin B12,Metabolism & Hormones
PGS003161,Vitamin B12,Metabolism & Hormones
PGS003162,Vitamin B12,Metabolism & Hormones
PGS003163,Vitamin B12,Metabolism & Hormones
PGS003164,Vitamin B12,Metabolism & Hormones
PGS003165,Vitamin B12,Metabolism & Hormones
PGS003166,Vitamin B12,Metabolism & Hormones
PGS003167,Vitamin B12,Metabolism & Hormones
PGS003168,Vitamin B12,Metabolism & Hormones
PGS003169,Vitamin B12,Metabolism & Hormones
PGS003170,Vitamin B12,Metabolism & Hormones
PGS003171,Vitamin B12,Metabolism & Hormones
PGS003172,Vitamin B12,Metabolism & Hormones
PGS003173,Vitamin B12,Metabolism & Hormones
PGS001305,Vitamin B12 deficiency induced anemia (time-to-event),Metabolism & Hormones
PGS001982,Vitamin D,Metabolism & Hormones
PGS002200,Vitamin D,Metabolism & Hormones
PGS002355,Vitamin D,Metabolism & Hormones
PGS002427,Vitamin D,Metabolism & Hormones
PGS002476,Vitamin D,Metabolism & Hormones
PGS002525,Vitamin D,Metabolism & Hormones
PGS002574,Vitamin D,Metabolism & Hormones
PGS002623,Vitamin D,Metabolism & Hormones
PGS002672,Vitamin D,Metabolism & Hormones
PGS002721,Vitamin D,Metabolism & Hormones
PGS003174,Vitamin D,Metabolism & Hormones
PGS003175,Vitamin D,Metabolism & Hormones
PGS003176,Vitamin D,Metabolism & Hormones
PGS003177,Vitamin D,Metabolism & Hormones
PGS003178,Vitamin D,Metabolism & Hormones
PGS003179,Vitamin D,Metabolism & Hormones
PGS003180,Vitamin D,Metabolism & Hormones
PGS003181,Vitamin D,Metabolism & Hormones
PGS003182,Vitamin D,Metabolism & Hormones
PGS003183,Vitamin D,Metabolism & Hormones
PGS003184,Vitamin D,Metabolism & Hormones
PGS003185,Vitamin D,Metabolism & Hormones
PGS003186,Vitamin D,Metabolism & Hormones
PGS003187,Vitamin D,Metabolism & Hormones
PGS003188,Vitamin D,Metabolism & Hormones
PGS003189,Vitamin D,Metabolism & Hormones
PGS003190,Vitamin D,Metabolism & Hormones
PGS003191,Vitamin D,Metabolism & Hormones
PGS003192,Vitamin D,Metabolism & Hormones
PGS003193,Vitamin D,Metabolism & Hormones
PGS003194,Vitamin D,Metabolism & Hormones
PGS003195,Vitamin D,Metabolism & Hormones
PGS003196,Vitamin D,Metabolism & Hormones
PGS003197,Vitamin D,Metabolism & Hormones
PGS003198,Vitamin D,Metabolism & Hormones
PGS003199,Vitamin D,Metabolism & Hormones
PGS003200,Vitamin D,Metabolism & Hormones
PGS003201,Vitamin D,Metabolism & Hormones
PGS003202,Vitamin D,Metabolism & Hormones
PGS003203,Vitamin D,Metabolism & Hormones
PGS003554,Vitamin D,Metabolism & Hormones
PGS004344,Vitamin D (nmol/L),Metabolism & Hormones
PGS000702,Vitamin D [nmol/L],Metabolism & Hormones
PGS000738,Vitiligo,Skin Health
PGS000760,Vitiligo,Skin Health
PGS001536,Vitiligo (time-to-event),Skin Health
PGS001227,Waist circumference,Metabolism & Hormones
PGS001983,Waist circumference,Metabolism & Hormones
PGS002201,Waist circumference,Metabolism & Hormones
PGS003555,Waist circumference,Metabolism & Hormones
PGS003893,Waist circumference,Metabolism & Hormones
PGS004405,Waist circumference,Metabolism & Hormones
PGS000828,Waist circumference (female),Metabolism & Hormones
PGS000827,Waist circumference (male),Metabolism & Hormones
PGS000842,Waist-hip ratio,Metabolism & Hormones
PGS002356,Waist-hip ratio,Metabolism & Hormones
PGS002428,Waist-hip ratio,Metabolism & Hormones
PGS002477,Waist-hip ratio,Metabolism & Hormones
PGS002526,Waist-hip ratio,Metabolism & Hormones
PGS002575,Waist-hip ratio,Metabolism & Hormones
PGS002624,Waist-hip ratio,Metabolism & Hormones
PGS002673,Waist-hip ratio,Metabolism & Hormones
PGS002722,Waist-hip ratio,Metabolism & Hormones
PGS003484,Waist-hip ratio,Metabolism & Hormones
PGS000299,Waist-to-hip ratio (body mass index adjusted),Metabolism & Hormones
PGS003452,Waldenström macroglobulinemia,Cancer
PGS000113,White blood cell count,Blood & Biomarkers
PGS000191,White blood cell count,Blood & Biomarkers
PGS001239,White blood cell count,Blood & Biomarkers
PGS002357,White blood cell count,Blood & Biomarkers
PGS002380,White blood cell count,Blood & Biomarkers
PGS002429,White blood cell count,Blood & Biomarkers
PGS002478,White blood cell count,Blood & Biomarkers
PGS002527,White blood cell count,Blood & Biomarkers
PGS002576,White blood cell count,Blood & Biomarkers
PGS002625,White blood cell count,Blood & Biomarkers
PGS002674,White blood cell count,Blood & Biomarkers
PGS002723,White blood cell count,Blood & Biomarkers
PGS003483,White blood cell count,Blood & Biomarkers
PGS004855,White blood cell count,Blood & Biomarkers
PGS004856,White blood cell count,Blood & Biomarkers
PGS004857,White blood cell count,Blood & Biomarkers
PGS004858,White blood cell count,Blood & Biomarkers
PGS019811,White blood cell count,Blood & Biomarkers
PGS019835,White blood cell count,Blood & Biomarkers
PGS019859,White blood cell count,Blood & Biomarkers
PGS019883,White blood cell count,Blood & Biomarkers
PGS019907,White blood cell count,Blood & Biomarkers
PGS019919,White blood cell count,Blood & Biomarkers
PGS005197,White blood cell count variance,Blood & Biomarkers
PGS000843,WHR adjusted for BMI,Metabolism & Hormones
PGS005095,WHR adjusted for BMI,Metabolism & Hormones
PGS001131,Zoster [herpes zoster] (time-to-event),Infectious Diseases
